@Attribute positiv_negativ_words REAL,@Attribute positiv_negativ_words_ratio REAL,@Attribute negativ_words_ratio REAL,@Attribute positiv_words_ratio REAL,@Attribute no_more_words REAL,@Attribute pos_words_ratio REAL,@Attribute neg_words_ratio REAL,@Attribute exclamation_mark_counter REAL,@Attribute not_counter REAL,@ATTRIBUTE TARGET {0 1}
0.95322,0.041444347826086955,0.041571304347826084,-0.00012695652173913042,0,0.0,0.0,0,0,1
0.52159,0.030681764705882353,0.030681764705882353,0.0,0,0.0,0.058823529411764705,0,0,1
0.57976,0.04141142857142858,0.04141142857142858,0.0,0,0.14285714285714285,0.0,0,0,0
-0.08161,-0.008161,0.010959,-0.01912,0,0.0,0.0,0,0,1
-0.69862,-0.018384736842105263,0.005623157894736842,-0.024007894736842107,0,0.02631578947368421,0.02631578947368421,1,1,1
0.4903,0.02723888888888889,0.06789166666666666,-0.040652777777777774,0,0.1111111111111111,0.1111111111111111,0,0,0
1.88916,0.017822264150943394,0.02416188679245283,-0.006339622641509435,0,0.02830188679245283,0.04716981132075472,0,0,0
0.48037,0.08006166666666667,0.08006166666666667,0.0,0,0.16666666666666666,0.0,0,0,1
0.0,0.0,0.0,0.0,0,0.0,0.0,2,0,1
1.04655,0.07475357142857143,0.07957142857142858,-0.004817857142857143,0,0.21428571428571427,0.0,0,0,1
0.5252699999999999,0.018759642857142853,0.03093392857142857,-0.012174285714285716,0,0.03571428571428571,0.03571428571428571,0,0,0
0.0,0.0,0.0,0.0,0,0.0,0.0,0,0,0
0.62021,0.03264263157894737,0.03685157894736842,-0.0042089473684210526,0,0.05263157894736842,0.0,0,0,1
0.74103,0.03900157894736842,0.03900157894736842,0.0,0,0.05263157894736842,0.0,0,0,1
0.74414,0.035435238095238096,0.04292047619047619,-0.007485238095238095,0,0.047619047619047616,0.047619047619047616,0,1,0
0.18823,0.0058821875,0.0058821875,0.0,0,0.03125,0.0,0,0,0
0.59461,0.08494428571428571,0.13262714285714286,-0.047682857142857145,0,0.14285714285714285,0.14285714285714285,0,0,1
0.84813,0.056542,0.056542,0.0,0,0.06666666666666667,0.0,0,0,0
-0.32753,-0.03639222222222222,0.0,-0.03639222222222222,1,0.0,0.1111111111111111,0,0,0
0.0,0.0,0.0,0.0,0,0.0,0.0,0,0,1
0.70966,0.032257272727272725,0.032257272727272725,0.0,0,0.0,0.0,0,0,0
2.0198400000000003,0.061207272727272735,0.061207272727272735,0.0,0,0.09090909090909091,0.0,0,0,1
0.84075,0.04670833333333333,0.04670833333333333,0.0,0,0.05555555555555555,0.0,0,0,1
0.6766399999999999,0.026024615384615382,0.026024615384615382,0.0,0,0.07692307692307693,0.0,1,1,1
0.81047,0.045026111111111114,0.062041666666666676,-0.017015555555555555,0,0.0,0.05555555555555555,0,0,0
0.25187,0.015741875,0.01734875,-0.001606875,0,0.0,0.0,0,1,1
0.55651,0.05565099999999999,0.05565099999999999,0.0,0,0.1,0.0,0,0,1
1.5906500000000001,0.0795325,0.0795325,0.0,0,0.15,0.0,0,0,1
0.23554,0.021412727272727274,0.021412727272727274,0.0,0,0.0,0.0,0,1,0
0.9612200000000001,0.028271176470588237,0.029764117647058826,-0.0014929411764705882,0,0.058823529411764705,0.029411764705882353,0,0,0
-0.60985,-0.02904047619047619,0.0,-0.02904047619047619,0,0.0,0.047619047619047616,0,0,0
0.5904699999999999,0.02186925925925926,0.03815148148148148,-0.016282222222222222,0,0.0,0.07407407407407407,0,0,0
0.56162,0.028081000000000002,0.028081000000000002,0.0,0,0.05,0.0,0,1,0
0.12329999999999997,0.006164999999999999,0.022854,-0.016689000000000002,0,0.05,0.05,0,1,0
-0.36268,-0.012089333333333334,0.008221333333333334,-0.020310666666666664,0,0.03333333333333333,0.03333333333333333,0,0,0
-0.9721,-0.05400555555555556,0.0,-0.05400555555555556,0,0.0,0.1111111111111111,0,0,0
0.36617000000000005,0.009154250000000001,0.01196375,-0.0028095,0,0.05,0.0,0,0,1
0.40165999999999996,0.03651454545454545,0.037407272727272727,-0.0008927272727272728,0,0.09090909090909091,0.09090909090909091,0,0,1
0.023909999999999987,0.0014064705882352933,0.02644941176470588,-0.025042941176470587,0,0.0,0.058823529411764705,0,1,0
0.58475,0.07309375,0.07309375,0.0,0,0.125,0.0,0,0,1
0.08446,0.021115,0.021115,0.0,0,0.0,0.0,1,0,1
0.48037,0.05337444444444445,0.05337444444444445,0.0,0,0.2222222222222222,0.0,0,0,1
0.09624000000000002,0.004582857142857144,0.011192857142857143,-0.0066099999999999996,0,0.0,0.09523809523809523,0,0,0
1.3183799999999999,0.038775882352941174,0.038775882352941174,0.0,0,0.058823529411764705,0.0,0,0,1
-0.4695,-0.03353571428571429,0.0,-0.03353571428571429,0,0.07142857142857142,0.07142857142857142,0,0,0
1.44447,0.06280304347826086,0.06911217391304347,-0.006309130434782608,0,0.043478260869565216,0.043478260869565216,0,1,0
1.7743799999999998,0.04224714285714285,0.04224714285714285,0.0,0,0.047619047619047616,0.0,0,0,0
0.18409,0.015340833333333333,0.015340833333333333,0.0,0,0.08333333333333333,0.0,0,1,0
1.59494,0.0637976,0.0637976,0.0,0,0.08,0.0,0,2,0
0.57574,0.04112428571428572,0.04112428571428572,0.0,0,0.0,0.0,0,1,0
0.74667,0.074667,0.074667,0.0,0,0.1,0.0,0,0,1
1.7572,0.07321666666666667,0.07321666666666667,0.0,0,0.16666666666666666,0.0,0,0,1
0.36701,0.030584166666666666,0.030584166666666666,0.0,0,0.16666666666666666,0.0,0,0,0
1.72154,0.04098904761904762,0.04098904761904762,0.0,0,0.023809523809523808,0.0,0,1,1
0.0,0.0,0.0,0.0,0,0.0,0.0,0,1,0
0.9975299999999999,0.022671136363636362,0.04101136363636364,-0.018340227272727272,0,0.022727272727272728,0.09090909090909091,0,0,0
-0.22808999999999996,-0.01200473684210526,0.010079473684210527,-0.02208421052631579,0,0.10526315789473684,0.05263157894736842,0,1,1
0.9515199999999999,0.06343466666666667,0.06343466666666667,0.0,0,0.2,0.0,0,1,0
0.01238999999999997,0.00041299999999999903,0.014426999999999999,-0.014014,0,0.0,0.03333333333333333,0,1,0
-0.80392,-0.04466222222222222,0.026592222222222222,-0.07125444444444444,0,0.05555555555555555,0.1111111111111111,0,0,0
0.50671,0.019488846153846155,0.022146923076923078,-0.002658076923076923,0,0.038461538461538464,0.0,0,0,0
0,0.0,0.0,0.0,0,0.0,0.0,0,0,1
0.20433000000000007,0.00704586206896552,0.019991724137931037,-0.012945862068965516,0,0.034482758620689655,0.0,0,0,1
-0.13016,-0.014462222222222222,0.01264,-0.027102222222222222,0,0.1111111111111111,0.1111111111111111,0,0,0
-0.37655,-0.02510333333333333,0.0,-0.02510333333333333,0,0.06666666666666667,0.0,0,0,0
-0.035140000000000005,-0.0027030769230769235,0.007012307692307692,-0.009715384615384615,0,0.0,0.07692307692307693,0,0,0
1.4179899999999999,0.035449749999999995,0.035449749999999995,0.0,0,0.05,0.0,0,0,1
0,0.0,0.0,0.0,0,0.0,0.0,0,1,0
0.90038,0.09003799999999999,0.09003799999999999,0.0,0,0.1,0.0,0,1,0
0.26302,0.009393571428571428,0.024994285714285712,-0.015600714285714285,0,0.07142857142857142,0.0,0,0,1
0.3905,0.027892857142857143,0.027892857142857143,0.0,0,0.0,0.0,0,0,1
0.9766699999999999,0.022713255813953486,0.022713255813953486,0.0,0,0.046511627906976744,0.023255813953488372,0,1,0
0.043989999999999974,0.0019995454545454535,0.023708636363636362,-0.02170909090909091,0,0.0,0.045454545454545456,0,3,0
-0.59979,-0.08568428571428573,0.0,-0.08568428571428573,0,0.0,0.14285714285714285,0,0,0
1.0901699999999999,0.02658951219512195,0.03614170731707317,-0.00955219512195122,0,0.024390243902439025,0.07317073170731707,0,0,0
0.55289,0.0221156,0.0221156,0.0,0,0.04,0.0,0,0,1
1.21433,0.11039363636363636,0.11039363636363636,0.0,0,0.09090909090909091,0.0,0,0,1
0.81923,0.2048075,0.2048075,0.0,0,0.25,0.0,0,0,1
1.62315,0.054105,0.05981433333333333,-0.005709333333333333,0,0.1,0.06666666666666667,0,0,0
0.10406,0.006121176470588235,0.006121176470588235,0.0,0,0.058823529411764705,0.0,0,0,1
0.20878,0.029825714285714285,0.029825714285714285,0.0,0,0.0,0.0,0,0,1
0.68127,0.1703175,0.1703175,0.0,0,0.25,0.0,0,0,1
0.9456100000000001,0.059100625000000004,0.059100625000000004,0.0,0,0.125,0.0,0,0,1
-0.56352,-0.14088,0.0,-0.14088,0,0.0,0.25,1,0,0
0.75516,0.03974526315789474,0.03974526315789474,0.0,0,0.05263157894736842,0.0,0,0,1
0.6838200000000001,0.06838200000000001,0.06838200000000001,0.0,0,0.1,0.0,0,0,1
1.5123,0.08401666666666667,0.09502833333333333,-0.011011666666666666,0,0.16666666666666666,0.0,0,0,1
0.74339,0.03912578947368421,0.03912578947368421,0.0,0,0.15789473684210525,0.0,0,1,0
0.7202,0.034295238095238094,0.041370000000000004,-0.007074761904761904,0,0.0,0.047619047619047616,0,0,0
0.0,0.0,0.0,0.0,0,0.1,0.0,0,0,1
0.20987,0.0104935,0.0104935,0.0,0,0.1,0.05,0,1,1
0.76445,0.030577999999999998,0.030577999999999998,0.0,0,0.04,0.0,0,0,0
-0.11349,-0.008106428571428572,0.0,-0.008106428571428572,0,0.0,0.0,2,0,1
-0.19418999999999997,-0.010788333333333332,0.003475,-0.014263333333333331,0,0.0,0.0,0,0,1
-1.1672500000000001,-0.058362500000000005,0.0,-0.058362500000000005,0,0.0,0.1,0,1,0
0.06879,0.0027516000000000003,0.0027516000000000003,0.0,0,0.0,0.04,0,1,0
-0.13929999999999998,-0.006633333333333332,0.008963333333333334,-0.015596666666666667,0,0.0,0.09523809523809523,0,0,0
0.81695,0.05835357142857143,0.05835357142857143,0.0,0,0.07142857142857142,0.14285714285714285,0,0,1
0.74846,0.034020909090909095,0.03667181818181819,-0.002650909090909091,0,0.045454545454545456,0.045454545454545456,0,0,1
0.45977999999999997,0.01585448275862069,0.01804793103448276,-0.002193448275862069,0,0.0,0.0,0,1,0
1.88515,0.06982037037037038,0.0859988888888889,-0.01617851851851852,0,0.1111111111111111,0.0,1,0,1
0.24383999999999995,0.015239999999999997,0.04271625,-0.02747625,0,0.125,0.0625,0,0,0
0.2355,0.010704545454545454,0.01701409090909091,-0.006309545454545454,0,0.13636363636363635,0.045454545454545456,0,1,0
0.059680000000000004,0.0023872000000000003,0.005586,-0.0031988,0,0.04,0.0,0,0,0
0.64445,0.07160555555555555,0.07160555555555555,0.0,0,0.1111111111111111,0.0,0,0,1
0.9263300000000001,0.03087766666666667,0.04667,-0.015792333333333335,0,0.06666666666666667,0.03333333333333333,0,1,0
1.2152599999999998,0.03284486486486486,0.04361891891891891,-0.010774054054054055,0,0.02702702702702703,0.02702702702702703,0,1,1
0,0.0,0.0,0.0,0,0.0,0.2,1,0,0
2.8682900000000005,0.04702114754098361,0.05283360655737705,-0.005812459016393442,0,0.09836065573770492,0.0,0,1,1
0.0,0.0,0.0,0.0,0,0.0,0.0,0,0,0
0.61351,0.10225166666666667,0.10225166666666667,0.0,0,0.16666666666666666,0.0,0,0,1
0.43281,0.02061,0.02061,0.0,0,0.047619047619047616,0.0,0,0,1
0.44422,0.018509166666666667,0.018509166666666667,0.0,0,0.041666666666666664,0.041666666666666664,0,0,0
-0.23097,-0.023097,0.0039010000000000004,-0.026998,0,0.0,0.0,0,0,1
-0.09088999999999997,-0.011361249999999996,0.02352875,-0.03489,0,0.0,0.125,0,0,0
0.54806,0.054806,0.054806,0.0,0,0.1,0.0,0,0,1
0.57976,0.026352727272727274,0.026352727272727274,0.0,0,0.09090909090909091,0.0,0,0,1
0.55965,0.031091666666666667,0.041791666666666664,-0.0107,0,0.05555555555555555,0.05555555555555555,0,1,0
1.2140199999999999,0.03678848484848485,0.05381757575757575,-0.01702909090909091,0,0.09090909090909091,0.030303030303030304,0,1,1
0.09651,0.008773636363636364,0.008773636363636364,0.0,0,0.18181818181818182,0.0,0,1,0
0.45199000000000006,0.0180796,0.023148,-0.0050684,0,0.08,0.0,0,2,0
1.65598,0.11828428571428572,0.11828428571428572,0.0,0,0.14285714285714285,0.0,0,0,1
0.42075999999999997,0.007938867924528302,0.01927,-0.011331132075471699,0,0.0,0.0,0,1,1
-0.51582,-0.0644775,0.0130075,-0.077485,0,0.125,0.125,0,0,0
0.22747,0.03249571428571429,0.08435428571428571,-0.05185857142857143,0,0.0,0.14285714285714285,0,0,0
-0.15132,-0.01080857142857143,0.015705,-0.02651357142857143,0,0.0,0.07142857142857142,0,0,0
0.7202,0.0450125,0.0450125,0.0,0,0.0625,0.0,0,0,1
0.34387999999999996,0.01228142857142857,0.014249285714285714,-0.001967857142857143,0,0.07142857142857142,0.0,0,1,0
-0.15872999999999998,-0.0036913953488372088,0.003933255813953488,-0.007624651162790697,0,0.023255813953488372,0.023255813953488372,0,1,0
0.47248,0.033748571428571426,0.033748571428571426,0.0,0,0.07142857142857142,0.0,0,0,0
0.10662,0.005331000000000001,0.014891000000000001,-0.00956,0,0.0,0.05,0,0,0
0.47983,0.047983,0.047983,0.0,0,0.0,0.0,0,0,0
-0.26998,-0.026998,0.0,-0.026998,0,0.0,0.0,0,0,0
1.47079,0.16342111111111113,0.16342111111111113,0.0,0,0.1111111111111111,0.0,0,0,1
-0.15567000000000009,-0.007412857142857147,0.022960952380952377,-0.030373809523809525,0,0.0,0.047619047619047616,0,0,0
0.0,0.0,0.0,0.0,0,0.09523809523809523,0.047619047619047616,0,1,1
1.1423199999999998,0.06346222222222221,0.06976722222222222,-0.006305,0,0.1111111111111111,0.05555555555555555,0,0,0
1.7923499999999999,0.059745,0.06262733333333333,-0.0028823333333333335,0,0.03333333333333333,0.0,0,0,1
1.3029899999999999,0.056651739130434774,0.056651739130434774,0.0,0,0.043478260869565216,0.0,0,0,1
-0.11368,-0.007578666666666667,0.020132666666666667,-0.02771133333333333,0,0.06666666666666667,0.06666666666666667,0,0,1
0.0,0.0,0.0,0.0,0,0.0,0.0,0,2,0
0.5702200000000001,0.03801466666666667,0.03801466666666667,0.0,0,0.0,0.0,0,0,1
0.08902,0.004046363636363636,0.009205,-0.0051586363636363635,0,0.0,0.0,0,0,0
0.6477299999999999,0.07196999999999999,0.07196999999999999,0.0,0,0.1111111111111111,0.0,0,0,1
0.41987,0.03817,0.03817,0.0,0,0.09090909090909091,0.0,0,0,1
-0.90837,-0.047808947368421055,0.021236315789473686,-0.06904526315789473,0,0.10526315789473684,0.15789473684210525,0,0,0
0.23493999999999995,0.012365263157894735,0.04419105263157894,-0.03182578947368422,0,0.05263157894736842,0.05263157894736842,0,0,1
2.4793499999999997,0.044274107142857136,0.04459892857142856,-0.0003248214285714286,0,0.05357142857142857,0.0,0,1,1
1.43543,0.13049363636363637,0.13049363636363637,0.0,0,0.09090909090909091,0.0,0,0,1
1.08948,0.06408705882352941,0.06408705882352941,0.0,0,0.11764705882352941,0.0,0,0,1
-0.016869999999999996,-0.0006248148148148147,0.01743222222222222,-0.018057037037037035,0,0.037037037037037035,0.037037037037037035,0,0,1
0.20072,0.012545,0.027458125,-0.014913125,0,0.0,0.0,0,0,0
-0.07300000000000001,-0.0022812500000000003,0.0,-0.0022812500000000003,0,0.0,0.0,0,0,1
0.65153,0.05429416666666667,0.05429416666666667,0.0,0,0.0,0.0,0,0,1
0,0.0,0.0,0.0,0,0.0,0.0,0,1,1
-0.12455,-0.0059309523809523805,0.000679047619047619,-0.0066099999999999996,0,0.0,0.047619047619047616,0,1,0
0.72927,0.028048846153846153,0.03843269230769231,-0.010383846153846153,0,0.038461538461538464,0.038461538461538464,0,0,0
0.8553999999999999,0.030549999999999997,0.030549999999999997,0.0,0,0.03571428571428571,0.0,1,0,0
0.0,0.0,0.0,0.0,0,0.0,0.1111111111111111,1,0,0
0.11376,0.00948,0.00948,0.0,0,0.0,0.0,0,1,0
0.91238,0.045619,0.045619,0.0,0,0.1,0.0,0,0,1
0.70964,0.0788488888888889,0.0788488888888889,0.0,0,0.1111111111111111,0.0,0,0,1
2.1311999999999998,0.0761142857142857,0.0761142857142857,0.0,0,0.07142857142857142,0.0,0,0,1
0.15145,0.006058,0.0092568,-0.0031988,0,0.08,0.0,0,0,0
0.0,0.0,0.0,0.0,0,0.0,0.14285714285714285,0,0,0
0.01429999999999998,0.0004612903225806445,0.01702774193548387,-0.016566451612903228,0,0.03225806451612903,0.03225806451612903,0,0,0
0.89785,0.089785,0.089785,0.0,0,0.2,0.0,0,0,1
0.68968,0.09852571428571429,0.09852571428571429,0.0,0,0.14285714285714285,0.0,0,0,1
-0.06911,-0.005316153846153846,0.0,-0.005316153846153846,0,0.0,0.0,0,0,0
0.62681,0.04477214285714286,0.04477214285714286,0.0,0,0.0,0.07142857142857142,0,0,0
0.67888,0.08486,0.08515875,-0.00029875,0,0.25,0.0,0,0,1
0.47333,0.029583125,0.029583125,0.0,0,0.0625,0.0,0,1,0
1.6610299999999998,0.11073533333333332,0.11073533333333332,0.0,0,0.06666666666666667,0.0,0,0,1
-0.32133,-0.01338875,0.002784166666666667,-0.016172916666666665,0,0.0,0.041666666666666664,0,1,0
0.02298,0.0008838461538461539,0.0008838461538461539,0.0,0,0.038461538461538464,0.0,0,0,0
0.76572,0.076572,0.076572,0.0,0,0.2,0.0,0,1,0
0.05241000000000001,0.0027584210526315797,0.009852631578947368,-0.007094210526315789,0,0.0,0.05263157894736842,0,0,0
0.0,0.0,0.0,0.0,0,0.0,0.1111111111111111,0,0,1
0.57068,0.0228272,0.0228272,0.0,0,0.0,0.04,0,1,0
0.6926199999999999,0.06296545454545453,0.11159909090909091,-0.04863363636363637,0,0.0,0.09090909090909091,0,0,0
-1.16009,-0.06444944444444445,0.0,-0.06444944444444445,0,0.05555555555555555,0.1111111111111111,0,1,0
0.61351,0.122702,0.122702,0.0,0,0.2,0.0,1,0,1
3.2502900000000006,0.042211558441558446,0.045193636363636366,-0.002982077922077922,0,0.06493506493506493,0.0,1,2,1
1.51138,0.11626,0.11626,0.0,0,0.15384615384615385,0.0,0,0,1
0.8260799999999999,0.04589333333333333,0.04589333333333333,0.0,0,0.05555555555555555,0.05555555555555555,0,1,1
0.59819,0.027190454545454545,0.03576727272727273,-0.008576818181818182,0,0.09090909090909091,0.045454545454545456,0,1,0
1.19102,0.07940133333333334,0.07940133333333334,0.0,0,0.06666666666666667,0.0,0,0,1
0.28706,0.01104076923076923,0.01104076923076923,0.0,0,0.07692307692307693,0.0,0,1,1
-0.49636,-0.07090857142857143,0.0,-0.07090857142857143,0,0.0,0.14285714285714285,0,0,0
1.03341,0.07949307692307692,0.07949307692307692,0.0,0,0.23076923076923078,0.0,0,0,1
0.22852000000000006,0.009140800000000003,0.022242,-0.0131012,0,0.0,0.04,0,0,0
-0.26998,-0.01687375,0.0,-0.01687375,0,0.0,0.0625,0,0,0
1.36243,0.07170684210526317,0.07170684210526317,0.0,0,0.0,0.0,0,1,0
0.46893000000000007,0.019538750000000004,0.03882708333333334,-0.019288333333333334,0,0.041666666666666664,0.041666666666666664,0,1,0
0.84161,0.168322,0.168322,0.0,0,0.2,0.0,0,0,1
0.14427,0.0038991891891891894,0.013011081081081082,-0.009111891891891892,0,0.0,0.0,0,1,0
0.61032,0.032122105263157896,0.032122105263157896,0.0,0,0.05263157894736842,0.0,1,0,1
-0.31396,-0.015698,0.017161,-0.032859,0,0.0,0.05,0,0,0
0.6467,0.04041875,0.04041875,0.0,0,0.0625,0.0,0,0,1
0.54889,0.045740833333333335,0.045740833333333335,0.0,0,0.08333333333333333,0.0,0,0,1
0.43753,0.02430722222222222,0.02430722222222222,0.0,0,0.1111111111111111,0.0,0,0,1
1.33814,0.07871411764705882,0.07871411764705882,0.0,0,0.058823529411764705,0.058823529411764705,0,0,0
-0.6835499999999999,-0.017988157894736838,0.005753157894736842,-0.023741315789473683,0,0.0,0.05263157894736842,0,0,0
0.22812999999999994,0.014258124999999996,0.040483124999999995,-0.026225,0,0.0625,0.0625,0,0,1
0.60227,0.12045399999999999,0.12045399999999999,0.0,0,0.2,0.0,0,0,1
0.0,0.0,0.0,0.0,0,0.0,0.0625,0,0,0
0.21471,0.014314,0.014314,0.0,0,0.0,0.06666666666666667,0,0,0
-0.26591,-0.008863666666666666,0.006274333333333334,-0.015138,0,0.06666666666666667,0.06666666666666667,0,1,0
0.84599,0.10574875,0.10574875,0.0,0,0.125,0.0,0,0,1
0.68968,0.034484,0.034484,0.0,0,0.05,0.0,0,0,1
1.01814,0.03636214285714286,0.03636214285714286,0.0,0,0.07142857142857142,0.0,0,0,1
0.0,0.0,0.0,0.0,0,0.0,0.0,0,1,0
0.38561,0.025707333333333336,0.06952266666666666,-0.04381533333333333,0,0.0,0.13333333333333333,0,0,0
2.18553,0.0437106,0.0477332,-0.0040226,0,0.04,0.0,0,0,1
2.00019,0.09091772727272728,0.09091772727272728,0.0,0,0.13636363636363635,0.0,1,0,1
0.68127,0.034063500000000003,0.034063500000000003,0.0,0,0.05,0.0,0,0,1
0.18823,0.02352875,0.02352875,0.0,0,0.25,0.0,0,1,0
0.47866,0.053184444444444444,0.053184444444444444,0.0,0,0.1111111111111111,0.0,0,0,0
0.83268,0.05947714285714285,0.05947714285714285,0.0,0,0.14285714285714285,0.0,0,0,1
0.16092,0.004597714285714286,0.005956,-0.0013582857142857142,0,0.0,0.0,0,1,0
0,0.0,0.0,0.0,0,0.07692307692307693,0.0,0,1,0
0.13022,0.008681333333333334,0.021895333333333333,-0.013214,0,0.06666666666666667,0.0,0,0,1
0.3351,0.022340000000000002,0.03202466666666667,-0.009684666666666668,0,0.06666666666666667,0.0,0,0,1
0.0,0.0,0.0,0.0,0,0.07692307692307693,0.0,0,0,1
0.38939,0.038939,0.071692,-0.032753,0,0.1,0.1,1,0,1
1.3958,0.042296969696969694,0.042296969696969694,0.0,0,0.06060606060606061,0.0,0,0,1
0.41017,0.013672333333333333,0.013672333333333333,0.0,0,0.06666666666666667,0.0,0,0,1
0.17394,0.009663333333333335,0.009663333333333335,0.0,0,0.0,0.05555555555555555,0,0,1
0.36457,0.072914,0.072914,0.0,0,0.2,0.0,0,0,1
0,0.0,0.0,0.0,0,0.0,0.0,1,0,1
-0.12186999999999998,-0.006093499999999999,0.021878500000000002,-0.027971999999999997,0,0.05,0.0,0,0,0
0.99051,0.04306565217391305,0.04306565217391305,0.0,0,0.0,0.0,0,1,0
0.18823,0.01447923076923077,0.01447923076923077,0.0,0,0.0,0.0,0,1,0
3.6272699999999993,0.05946344262295081,0.06556688524590164,-0.006103442622950819,0,0.08196721311475409,0.06557377049180328,0,1,1
0.41961,0.016138846153846153,0.016138846153846153,0.0,0,0.0,0.038461538461538464,0,1,1
-0.63185,-0.21061666666666667,0.0,-0.21061666666666667,0,0.0,0.3333333333333333,0,0,0
-0.021720000000000017,-0.0012066666666666675,0.018381111111111112,-0.019587777777777777,0,0.0,0.05555555555555555,0,0,0
0.30199,0.011184814814814814,0.011184814814814814,0.0,0,0.0,0.037037037037037035,0,0,0
0.89296,0.044648,0.044648,0.0,0,0.1,0.0,0,1,0
-0.36988,-0.01681272727272727,0.004879090909090909,-0.02169181818181818,0,0.045454545454545456,0.0,0,0,1
1.31855,0.029301111111111115,0.029301111111111115,0.0,0,0.044444444444444446,0.022222222222222223,0,0,0
0.37646,0.015058400000000001,0.015058400000000001,0.0,0,0.0,0.04,0,2,0
0.23289,0.02911125,0.02911125,0.0,0,0.0,0.0,0,0,1
0.89018,0.04238952380952381,0.050828571428571424,-0.008439047619047619,0,0.047619047619047616,0.0,0,1,0
0.15388999999999997,0.006155599999999999,0.023834,-0.0176784,0,0.0,0.04,0,2,0
0.03901,0.0035463636363636366,0.0035463636363636366,0.0,0,0.09090909090909091,0.0,0,0,1
0.4735700000000001,0.007399531250000002,0.0187459375,-0.01134640625,0,0.015625,0.046875,0,1,1
0.56664,0.025756363636363636,0.04326318181818182,-0.017506818181818182,0,0.09090909090909091,0.0,0,0,0
0.83268,0.0520425,0.0520425,0.0,0,0.125,0.0,0,0,1
0.64445,0.05858636363636363,0.05858636363636363,0.0,0,0.09090909090909091,0.0,0,0,1
0.41174999999999995,0.025734374999999997,0.050649374999999996,-0.024915,0,0.0625,0.125,1,0,1
0.64445,0.12889,0.12889,0.0,0,0.2,0.0,0,0,1
0.18823,0.0067225,0.0067225,0.0,0,0.03571428571428571,0.0,0,0,1
-0.46292,-0.042083636363636365,0.0,-0.042083636363636365,0,0.0,0.09090909090909091,0,1,1
-0.05076,-0.0017503448275862068,0.0,-0.0017503448275862068,0,0.0,0.0,0,0,0
0,0.0,0.0,0.0,0,0.0,0.0,1,0,1
0.24176000000000003,0.048352000000000006,0.096074,-0.047722,0,0.2,0.0,0,0,1
0.8133900000000001,0.06256846153846155,0.06256846153846155,0.0,0,0.07692307692307693,0.0,0,0,0
0.81358,0.06779833333333334,0.06779833333333334,0.0,0,0.16666666666666666,0.0,0,0,1
0.18823,0.012548666666666668,0.012548666666666668,0.0,0,0.06666666666666667,0.0,0,1,0
0.40682999999999997,0.04520333333333333,0.08758666666666665,-0.042383333333333335,1,0.2222222222222222,0.0,0,0,1
1.5715500000000002,0.04911093750000001,0.055268125,-0.0061571874999999995,0,0.0625,0.0,0,0,1
0.28695000000000004,0.007357692307692309,0.013864358974358976,-0.006506666666666667,0,0.0,0.02564102564102564,0,1,0
0.23232999999999998,0.006833235294117647,0.02087,-0.014036764705882353,0,0.058823529411764705,0.029411764705882353,0,1,0
0.5197700000000001,0.0399823076923077,0.0399823076923077,0.0,0,0.15384615384615385,0.0,1,0,1
0.0,0.0,0.0,0.0,0,0.1111111111111111,0.0,0,0,0
0.50106,0.050106,0.07396699999999999,-0.023861,0,0.1,0.0,0,0,0
1.00143,0.20028600000000002,0.20028600000000002,0.0,0,0.4,0.0,0,0,1
1.3848099999999999,0.060209130434782605,0.060209130434782605,0.0,0,0.0,0.043478260869565216,0,0,0
0,0.0,0.0,0.0,0,0.2,0.0,2,0,1
0.63904,0.03759058823529412,0.03759058823529412,0.0,0,0.058823529411764705,0.0,1,0,1
-0.1335,-0.011125000000000001,0.0,-0.011125000000000001,0,0.08333333333333333,0.0,0,0,0
0.9403100000000001,0.028494242424242425,0.028494242424242425,0.0,0,0.12121212121212122,0.0,0,2,0
0.19907,0.007109642857142857,0.007109642857142857,0.0,0,0.0,0.0,0,0,0
0.24825000000000003,0.013065789473684211,0.03344263157894737,-0.02037684210526316,1,0.05263157894736842,0.10526315789473684,0,0,0
1.45798,0.09719866666666667,0.09719866666666667,0.0,0,0.2,0.0,0,0,1
-0.03834000000000001,-0.0029492307692307704,0.0069676923076923076,-0.009916923076923077,0,0.0,0.07692307692307693,0,0,0
0.0,0.0,0.0,0.0,0,0.2,0.0,0,0,1
0.40656,0.01936,0.022539523809523808,-0.003179523809523809,0,0.047619047619047616,0.0,0,0,1
0.0,0.0,0.0,0.0,0,0.1,0.0,0,0,1
0.8386100000000001,0.025412424242424243,0.03166939393939394,-0.006256969696969697,0,0.06060606060606061,0.0,1,0,1
0.11376,0.01896,0.01896,0.0,0,0.0,0.0,0,0,0
1.18143,0.039381,0.039381,0.0,0,0.0,0.03333333333333333,0,0,0
0.09041,0.0043052380952380955,0.00970952380952381,-0.005404285714285714,0,0.047619047619047616,0.0,0,1,0
3.6000400000000004,0.07500083333333334,0.07500083333333334,0.0,0,0.0625,0.0,0,0,1
0.61526,0.019847096774193548,0.019847096774193548,0.0,0,0.03225806451612903,0.0,0,0,1
0.6739999999999999,0.09628571428571428,0.09628571428571428,0.0,0,0.14285714285714285,0.0,0,0,1
0.47906,0.034218571428571425,0.034218571428571425,0.0,0,0.07142857142857142,0.0,0,0,1
-0.72064,-0.12010666666666665,0.0,-0.12010666666666665,0,0.0,0.16666666666666666,0,0,0
0.5029300000000001,0.02958411764705883,0.04898705882352942,-0.019402941176470588,0,0.058823529411764705,0.0,0,1,0
1.59457,0.10630466666666667,0.10630466666666667,0.0,0,0.2,0.0,0,0,1
1.60349,0.05938851851851852,0.06687111111111112,-0.007482592592592592,0,0.1111111111111111,0.0,0,0,1
0.22927,0.007395806451612903,0.007395806451612903,0.0,0,0.0,0.0,0,1,0
-0.41057,-0.08211399999999999,0.0,-0.08211399999999999,0,0.0,0.2,0,0,0
1.18774,0.059387,0.059387,0.0,0,0.05,0.0,0,0,1
0.55318,0.06146444444444445,0.07688777777777778,-0.015423333333333332,0,0.0,0.1111111111111111,0,0,0
-0.47137,-0.07856166666666667,0.00383,-0.08239166666666667,0,0.0,0.16666666666666666,0,0,0
0.0,0.0,0.0,0.0,0,0.0,0.0,0,0,1
0.58558,0.03659875,0.03659875,0.0,0,0.125,0.0,0,0,1
1.26327,0.07430999999999999,0.07430999999999999,0.0,0,0.058823529411764705,0.0,0,0,1
0.97628,0.04437636363636364,0.04437636363636364,0.0,0,0.13636363636363635,0.0,0,2,0
-0.48835000000000006,-0.025702631578947373,0.009688947368421052,-0.03539157894736842,0,0.0,0.15789473684210525,0,0,0
0.66586,0.066586,0.066586,0.0,0,0.1,0.0,0,0,0
-0.35053,-0.035053,0.0,-0.035053,0,0.0,0.1,0,0,0
0.59461,0.08494428571428571,0.13262714285714286,-0.047682857142857145,0,0.14285714285714285,0.14285714285714285,0,0,0
0.50523,0.021051249999999997,0.021051249999999997,0.0,0,0.0,0.08333333333333333,1,1,0
0.5914200000000001,0.049285,0.07584583333333333,-0.026560833333333336,0,0.08333333333333333,0.0,0,0,1
0,0.0,0.0,0.0,0,0.0,0.3333333333333333,1,0,0
0.0,0.0,0.0,0.0,0,0.0,0.09090909090909091,0,1,0
0.42675,0.019397727272727275,0.019397727272727275,0.0,0,0.09090909090909091,0.0,0,0,1
0.57976,0.05797600000000001,0.05797600000000001,0.0,0,0.2,0.0,0,0,1
0.38919,0.022893529411764705,0.022893529411764705,0.0,0,0.0,0.0,0,0,1
1.45394,0.03230977777777778,0.03682,-0.004510222222222223,0,0.044444444444444446,0.0,0,0,1
0.8259799999999999,0.04347263157894737,0.04347263157894737,0.0,0,0.10526315789473684,0.10526315789473684,0,0,0
0.44671,0.089342,0.089342,0.0,0,0.2,0.0,0,0,1
0.05841,0.006489999999999999,0.006489999999999999,0.0,0,0.0,0.0,0,1,0
0.46245,0.030830000000000003,0.030830000000000003,0.0,0,0.2,0.0,0,0,1
0.71513,0.035756500000000004,0.0409825,-0.005226,0,0.0,0.05,0,0,0
-0.41938,-0.02466941176470588,0.0,-0.02466941176470588,0,0.0,0.058823529411764705,0,0,0
-0.3706999999999999,-0.07413999999999998,0.03744,-0.11157999999999998,0,0.0,0.2,0,0,0
1.05769,0.06221705882352941,0.07038235294117647,-0.008165294117647059,0,0.058823529411764705,0.058823529411764705,0,0,0
1.1075799999999998,0.05034454545454545,0.05599999999999999,-0.005655454545454546,0,0.045454545454545456,0.045454545454545456,0,0,1
0.7238,0.038094736842105265,0.059542105263157896,-0.02144736842105263,0,0.0,0.05263157894736842,0,0,0
-0.046990000000000046,-0.0026105555555555582,0.03370833333333333,-0.03631888888888889,0,0.0,0.0,0,0,0
-0.34681,-0.04335125,0.011675,-0.05502625,0,0.0,0.125,0,0,1
-0.54269,-0.09044833333333334,0.0,-0.09044833333333334,0,0.0,0.16666666666666666,0,0,0
0,0.0,0.0,0.0,0,0.0,0.05263157894736842,0,0,0
2.2651900000000005,0.061221351351351365,0.0704627027027027,-0.009241351351351351,0,0.10810810810810811,0.0,0,0,1
0.05124999999999996,0.0015073529411764694,0.012160294117647059,-0.010652941176470589,0,0.029411764705882353,0.029411764705882353,0,0,1
0.26566,0.029517777777777778,0.03351888888888889,-0.0040011111111111115,0,0.0,0.1111111111111111,0,0,0
0.43539000000000005,0.021769500000000004,0.032707,-0.0109375,0,0.1,0.05,0,1,0
-0.03034,-0.003034,0.0,-0.003034,0,0.0,0.2,0,0,0
0.0,0.0,0.0,0.0,0,0.0,0.0,0,0,0
0.36932,0.014204615384615383,0.014204615384615383,0.0,0,0.0,0.038461538461538464,0,0,0
0.0,0.0,0.0,0.0,0,0.0,0.18181818181818182,0,0,0
0.46024,0.03540307692307692,0.03540307692307692,0.0,0,0.07692307692307693,0.0,1,0,1
0.0,0.0,0.0,0.0,0,0.0,0.047619047619047616,0,0,0
0.27108,0.015945882352941174,0.015945882352941174,0.0,0,0.058823529411764705,0.058823529411764705,0,1,1
0.31281000000000003,0.011171785714285716,0.011171785714285716,0.0,0,0.03571428571428571,0.0,0,0,1
0.6789200000000001,0.021900645161290325,0.0362841935483871,-0.014383548387096774,0,0.03225806451612903,0.03225806451612903,0,1,0
0.64445,0.08055625,0.08055625,0.0,0,0.125,0.0,0,0,1
0.64664,0.026943333333333333,0.026943333333333333,0.0,0,0.0,0.0,1,0,0
-1.45625,-0.05393518518518519,0.004213333333333334,-0.058148518518518516,0,0.0,0.07407407407407407,0,1,1
1.08514,0.020095185185185185,0.034487962962962956,-0.014392777777777779,0,0.037037037037037035,0.018518518518518517,0,0,0
-0.18902999999999992,-0.006751071428571426,0.027070000000000004,-0.03382107142857143,0,0.0,0.03571428571428571,0,0,0
2.0511799999999996,0.07889153846153844,0.0862623076923077,-0.007370769230769231,0,0.038461538461538464,0.0,0,0,1
1.97356,0.0789424,0.0789424,0.0,0,0.16,0.0,0,0,1
0.53809,0.012229318181818181,0.019673181818181815,-0.0074438636363636365,0,0.0,0.045454545454545456,0,0,0
1.6444800000000002,0.07474909090909092,0.07474909090909092,0.0,0,0.09090909090909091,0.0,0,0,1
0.53362,0.04851090909090909,0.07020272727272726,-0.02169181818181818,0,0.09090909090909091,0.0,1,0,1
1.39075,0.0695375,0.0695375,0.0,0,0.05,0.0,0,0,1
-0.50196,-0.017308965517241377,0.013738275862068968,-0.03104724137931034,0,0.0,0.10344827586206896,0,0,0
0.0,0.0,0.0,0.0,0,0.0,0.0,0,1,0
1.1462700000000001,0.052103181818181826,0.05721136363636364,-0.005108181818181818,0,0.09090909090909091,0.0,0,0,1
0,0.0,0.0,0.0,0,0.0,0.0,0,1,0
0,0.0,0.0,0.0,0,0.0,0.045454545454545456,0,1,0
-0.08174999999999999,-0.0029196428571428568,0.0067225,-0.009642142857142858,0,0.0,0.0,0,0,0
0.64445,0.1611125,0.1611125,0.0,0,0.5,0.0,0,0,1
0.0,0.0,0.0,0.0,0,0.045454545454545456,0.045454545454545456,0,1,1
-0.43974,-0.015163448275862069,0.0,-0.015163448275862069,0,0.034482758620689655,0.034482758620689655,0,1,0
0.25599,0.01163590909090909,0.01163590909090909,0.0,0,0.0,0.0,0,1,1
0.68778,0.11463,0.11463,0.0,0,0.16666666666666666,0.0,0,0,1
2.20293,0.05953864864864864,0.05953864864864864,0.0,0,0.16216216216216217,0.0,0,0,1
-0.08277999999999999,-0.0033112,0.007488,-0.0107992,0,0.0,0.0,0,0,0
1.48015,0.07048333333333334,0.09515714285714286,-0.024673809523809525,0,0.09523809523809523,0.047619047619047616,0,0,0
-0.16937,-0.024195714285714286,0.032752857142857146,-0.056948571428571425,0,0.0,0.14285714285714285,0,0,1
0.44732,0.0178928,0.0178928,0.0,0,0.0,0.0,0,1,0
3.0213300000000003,0.07950868421052633,0.09206710526315791,-0.012558421052631578,0,0.13157894736842105,0.0,0,0,1
1.0001200000000001,0.04762476190476191,0.04762476190476191,0.0,0,0.0,0.047619047619047616,0,0,0
0.87871,0.0439355,0.0439355,0.0,0,0.05,0.0,0,1,0
2.86744,0.0562243137254902,0.07287901960784314,-0.01665470588235294,0,0.11764705882352941,0.0196078431372549,0,0,1
0,0.0,0.0,0.0,0,0.15384615384615385,0.0,1,0,1
0.50958,0.03184875,0.03184875,0.0,0,0.0,0.0,0,0,1
0.85307,0.06562076923076923,0.06771307692307692,-0.0020923076923076924,0,0.0,0.0,0,0,1
-0.55124,-0.11024799999999998,0.03388,-0.14412799999999998,0,0.0,0.2,0,0,0
0.04333,0.0108325,0.0108325,0.0,0,0.0,0.0,0,0,1
0,0.0,0.0,0.0,0,0.05,0.0,0,0,0
1.4744099999999998,0.06701863636363635,0.095295,-0.028276363636363634,0,0.09090909090909091,0.0,0,0,1
0.43281,0.022779473684210527,0.022779473684210527,0.0,0,0.0,0.0,0,1,0
1.25156,0.036810588235294116,0.036810588235294116,0.0,0,0.058823529411764705,0.0,0,0,1
0.64445,0.04957307692307692,0.04957307692307692,0.0,0,0.07692307692307693,0.07692307692307693,1,0,1
1.7941299999999998,0.07800565217391303,0.08980521739130434,-0.011799565217391306,0,0.08695652173913043,0.043478260869565216,1,0,1
-0.39864,-0.019932,0.0,-0.019932,0,0.0,0.05,0,0,0
2.26324,0.050294222222222226,0.050294222222222226,0.0,0,0.022222222222222223,0.022222222222222223,0,1,0
2.2987400000000004,0.06965878787878789,0.08079000000000001,-0.011131212121212122,0,0.09090909090909091,0.0,1,0,1
0.50463,0.0180225,0.0180225,0.0,0,0.0,0.0,0,0,1
0.9495899999999999,0.032744482758620685,0.03282689655172414,-8.241379310344828e-05,0,0.034482758620689655,0.0,0,0,1
0.60087,0.01767264705882353,0.02271029411764706,-0.005037647058823529,0,0.14705882352941177,0.0,0,0,1
0.90843,0.0454215,0.0454215,0.0,0,0.1,0.0,0,0,0
0.24825000000000003,0.013065789473684211,0.03344263157894737,-0.02037684210526316,1,0.05263157894736842,0.10526315789473684,0,0,1
0.8994000000000001,0.04996666666666667,0.04996666666666667,0.0,0,0.1111111111111111,0.0,0,0,1
1.0239800000000001,0.06399875000000001,0.06399875000000001,0.0,0,0.125,0.0,0,0,1
0.2295,0.01092857142857143,0.01092857142857143,0.0,0,0.0,0.09523809523809523,0,0,0
0.29377,0.02448083333333333,0.02448083333333333,0.0,0,0.08333333333333333,0.0,0,0,1
-0.18704999999999997,-0.015587499999999997,0.019379166666666666,-0.03496666666666667,0,0.0,0.08333333333333333,0,1,1
0.36649,0.04581125,0.04581125,0.0,0,0.0,0.0,0,0,1
1.1120700000000001,0.026477857142857147,0.03232904761904761,-0.005851190476190476,0,0.0,0.023809523809523808,0,1,0
0.94618,0.030521935483870968,0.030521935483870968,0.0,0,0.03225806451612903,0.0,0,0,1
0.9968200000000002,0.03560071428571429,0.04290571428571428,-0.007305,0,0.10714285714285714,0.03571428571428571,0,0,1
0.18213999999999997,0.005059444444444444,0.011641666666666668,-0.006582222222222222,0,0.027777777777777776,0.0,0,1,0
0.18823,0.020914444444444444,0.020914444444444444,0.0,0,0.0,0.1111111111111111,0,0,1
0.7185500000000001,0.022454687500000004,0.0334934375,-0.01103875,0,0.0625,0.03125,0,0,1
0.24908,0.01186095238095238,0.022277619047619046,-0.010416666666666666,0,0.0,0.047619047619047616,0,1,0
0.00239,0.0002172727272727273,0.0002172727272727273,0.0,0,0.0,0.0,0,0,0
0.59048,0.045421538461538465,0.045421538461538465,0.0,0,0.0,0.0,0,1,0
0,0.0,0.0,0.0,0,0.2222222222222222,0.0,0,0,1
0,0.0,0.0,0.0,0,0.0,0.1,0,0,1
0.05841,0.0014976923076923075,0.0014976923076923075,0.0,0,0.02564102564102564,0.0,0,0,1
-0.09126999999999999,-0.003042333333333333,0.00624,-0.009282333333333333,0,0.03333333333333333,0.03333333333333333,0,0,0
0.36466,0.036466,0.036466,0.0,0,0.1,0.0,0,0,1
-1.2917800000000002,-0.04167032258064517,0.008687741935483871,-0.050358064516129036,0,0.0,0.0967741935483871,0,0,0
1.6937499999999999,0.033874999999999995,0.0364338,-0.0025588,0,0.06,0.04,0,0,1
0.77519,0.035235909090909096,0.03774045454545455,-0.0025045454545454546,0,0.045454545454545456,0.0,0,0,0
-0.051629999999999954,-0.0013586842105263147,0.014598684210526314,-0.01595736842105263,0,0.02631578947368421,0.02631578947368421,0,2,0
0.6929599999999999,0.03647157894736842,0.03647157894736842,0.0,0,0.05263157894736842,0.05263157894736842,0,1,1
-0.55206,-0.046005,0.0,-0.046005,0,0.0,0.16666666666666666,0,0,0
0.35351,0.029459166666666665,0.029459166666666665,0.0,0,0.0,0.0,0,0,0
0.014739999999999975,0.000589599999999999,0.0113888,-0.0107992,0,0.0,0.0,0,2,0
0.55289,0.05026272727272727,0.05026272727272727,0.0,0,0.09090909090909091,0.0,0,0,1
0.6125200000000001,0.04083466666666667,0.04083466666666667,0.0,0,0.0,0.0,0,1,0
1.7947000000000002,0.04377317073170732,0.04973146341463415,-0.005958292682926829,0,0.04878048780487805,0.0,0,0,1
0.55209,0.0460075,0.0460075,0.0,0,0.0,0.0,0,0,0
0.0,0.0,0.0,0.0,0,0.0,0.0,1,0,0
-0.29155,-0.024295833333333332,0.0,-0.024295833333333332,0,0.0,0.08333333333333333,0,0,0
0.7292000000000001,0.026042857142857145,0.033121785714285715,-0.007078928571428571,0,0.03571428571428571,0.0,0,1,1
0.42376,0.015694814814814814,0.02010962962962963,-0.004414814814814815,0,0.0,0.0,0,1,0
0.22435,0.020395454545454546,0.020395454545454546,0.0,0,0.09090909090909091,0.0,1,0,1
0.40669,0.01848590909090909,0.02212090909090909,-0.0036349999999999998,0,0.045454545454545456,0.0,0,1,0
1.11029,0.041121851851851854,0.041121851851851854,0.0,0,0.14814814814814814,0.0,0,0,1
0.92995,0.06199666666666667,0.06199666666666667,0.0,0,0.06666666666666667,0.0,0,1,0
-0.09008,-0.0036031999999999995,0.008974,-0.0125772,0,0.04,0.04,0,0,0
0.42259,0.023477222222222222,0.023477222222222222,0.0,0,0.05555555555555555,0.0,0,1,1
1.14911,0.04103964285714286,0.04506642857142857,-0.0040267857142857145,0,0.07142857142857142,0.0,0,0,1
-0.05067,-0.004606363636363637,0.0,-0.004606363636363637,0,0.0,0.0,1,1,0
1.70749,0.106718125,0.106718125,0.0,0,0.1875,0.0,0,0,1
0.93571,0.11696375,0.11696375,0.0,1,0.125,0.0,0,0,1
1.0651700000000002,0.08193615384615385,0.08193615384615385,0.0,0,0.07692307692307693,0.0,0,0,1
-0.4154199999999999,-0.015385925925925923,0.027532962962962964,-0.04291888888888889,0,0.037037037037037035,0.037037037037037035,1,0,1
0.62931,0.01907,0.02444030303030303,-0.00537030303030303,0,0.09090909090909091,0.0,0,0,1
1.38784,0.10675692307692307,0.10675692307692307,0.0,0,0.23076923076923078,0.0,0,0,1
0.09372999999999998,0.0037491999999999994,0.0262332,-0.022484,0,0.0,0.04,0,0,1
-0.34946,-0.00743531914893617,0.00949659574468085,-0.01693191489361702,0,0.0,0.0,0,0,1
1.75117,0.14593083333333332,0.14593083333333332,0.0,0,0.08333333333333333,0.0,0,0,1
1.63707,0.054569,0.067284,-0.012715,0,0.13333333333333333,0.0,0,0,1
0.73205,0.026144642857142856,0.03395714285714286,-0.0078125,0,0.03571428571428571,0.03571428571428571,0,2,1
0.5443600000000001,0.054436000000000005,0.05571100000000001,-0.0012749999999999999,0,0.1,0.0,0,0,1
0.98292,0.04467818181818182,0.04467818181818182,0.0,0,0.09090909090909091,0.0,0,0,1
0.5411699999999999,0.02004333333333333,0.02004333333333333,0.0,0,0.1111111111111111,0.0,0,0,1
0,0.0,0.0,0.0,0,0.0,0.0,0,0,0
0.17394,0.008282857142857144,0.008282857142857144,0.0,0,0.0,0.09523809523809523,0,1,0
1.77213,0.08055136363636363,0.08055136363636363,0.0,0,0.13636363636363635,0.0,0,0,1
0.05259,0.003506,0.003506,0.0,0,0.06666666666666667,0.0,0,0,1
0.56717,0.05156090909090909,0.05156090909090909,0.0,0,0.09090909090909091,0.0,0,0,1
0.19822,0.016518333333333333,0.016518333333333333,0.0,0,0.08333333333333333,0.08333333333333333,0,0,0
0,0.0,0.0,0.0,0,0.2,0.0,0,0,1
0.44579,0.04052636363636364,0.04052636363636364,0.0,0,0.09090909090909091,0.0,0,0,1
-0.36301,-0.03300090909090909,0.0,-0.03300090909090909,0,0.0,0.09090909090909091,0,0,0
0.21388,0.014258666666666666,0.04512,-0.030861333333333334,0,0.0,0.06666666666666667,0,1,1
-0.29359,-0.022583846153846156,0.00939076923076923,-0.031974615384615386,0,0.0,0.07692307692307693,0,0,0
0.75028,0.044134117647058824,0.044134117647058824,0.0,0,0.058823529411764705,0.058823529411764705,0,0,0
0.9208,0.05115555555555555,0.05115555555555555,0.0,0,0.0,0.0,0,0,1
0.48037,0.030023125,0.030023125,0.0,0,0.125,0.0,0,1,0
0.0,0.0,0.0,0.0,0,0.10526315789473684,0.0,0,0,1
0.47577,0.013993235294117648,0.015613823529411763,-0.0016205882352941178,0,0.0,0.0,0,1,0
0.70447,0.05870583333333334,0.05870583333333334,0.0,0,0.08333333333333333,0.08333333333333333,0,0,0
0.30374,0.015986315789473685,0.017834736842105264,-0.0018484210526315788,0,0.0,0.05263157894736842,0,0,0
0.36932,0.024621333333333332,0.024621333333333332,0.0,0,0.0,0.0,0,0,1
0.8111599999999999,0.045064444444444435,0.045064444444444435,0.0,0,0.05555555555555555,0.0,0,0,1
0,0.0,0.0,0.0,0,0.0,0.0,0,1,0
0.19979000000000002,0.008686521739130437,0.016256521739130437,-0.0075699999999999995,0,0.043478260869565216,0.0,0,1,0
0.43281,0.05410125,0.05410125,0.0,0,0.0,0.125,0,0,0
0.7561,0.05040666666666667,0.05040666666666667,0.0,0,0.06666666666666667,0.0,0,0,0
0.24755,0.017682142857142858,0.017682142857142858,0.0,0,0.0,0.0,0,0,0
0.20637,0.012898125,0.01323,-0.00033187500000000003,0,0.0,0.0,0,0,1
1.46209,0.09747266666666667,0.09747266666666667,0.0,0,0.06666666666666667,0.0,0,0,1
0.29212,0.0182575,0.028844375,-0.010586874999999999,0,0.0,0.0625,0,0,0
0.0,0.0,0.0,0.0,0,0.06666666666666667,0.0,0,0,1
-0.0030000000000000027,-0.00020000000000000017,0.035375333333333335,-0.035575333333333334,0,0.0,0.06666666666666667,0,0,0
0.16906,0.005283125,0.005283125,0.0,0,0.0,0.03125,0,0,0
0.16358000000000006,0.010905333333333338,0.03289533333333334,-0.02199,0,0.06666666666666667,0.0,0,0,0
0.03901,0.00487625,0.00487625,0.0,0,0.0,0.0,0,1,0
0.5984,0.06648888888888889,0.06648888888888889,0.0,0,0.1111111111111111,0.0,0,0,1
0.007309999999999983,0.0002436666666666661,0.016302,-0.016058333333333334,0,0.0,0.03333333333333333,0,1,0
0.488,0.021217391304347827,0.027252608695652172,-0.006035217391304347,0,0.0,0.043478260869565216,0,1,0
0.6800299999999999,0.027201199999999995,0.027201199999999995,0.0,0,0.0,0.08,0,1,0
0.56462,0.08066,0.08066,0.0,0,0.14285714285714285,0.14285714285714285,0,0,1
-0.15363000000000002,-0.004389428571428572,0.005348571428571429,-0.009738,0,0.0,0.05714285714285714,0,0,0
1.35554,0.0542216,0.0542216,0.0,0,0.08,0.0,0,0,1
1.19578,0.031467894736842104,0.031726315789473686,-0.00025842105263157894,0,0.02631578947368421,0.0,0,0,0
0.00328,0.000328,0.000328,0.0,0,0.1,0.0,1,0,1
0.6699299999999999,0.041870624999999995,0.041870624999999995,0.0,0,0.0625,0.0,0,0,1
0.04962,0.0014594117647058823,0.0035905882352941175,-0.0021311764705882353,0,0.029411764705882353,0.0,0,0,1
0.06110000000000004,0.0050916666666666706,0.042465,-0.037373333333333335,0,0.0,0.08333333333333333,0,0,0
0.17318,0.005093529411764706,0.005093529411764706,0.0,0,0.0,0.029411764705882353,0,1,0
0.61082,0.10180333333333334,0.10180333333333334,0.0,0,0.16666666666666666,0.0,0,0,1
0.0735,0.004323529411764705,0.019425882352941175,-0.01510235294117647,0,0.058823529411764705,0.0,0,0,1
0.10554,0.008794999999999999,0.008794999999999999,0.0,0,0.0,0.0,0,1,0
0.1453,0.005812,0.005812,0.0,0,0.0,0.0,0,0,1
1.69488,0.12106285714285714,0.12106285714285714,0.0,0,0.21428571428571427,0.0,1,1,1
0.0,0.0,0.0,0.0,0,0.0,0.0,0,0,0
0.57976,0.04459692307692308,0.04459692307692308,0.0,0,0.07692307692307693,0.07692307692307693,0,0,1
1.03446,0.068964,0.068964,0.0,0,0.06666666666666667,0.06666666666666667,0,0,0
0.0,0.0,0.0,0.0,0,0.0,0.0,0,0,1
-0.49435,-0.030896875,0.0,-0.030896875,0,0.0,0.125,0,0,0
-0.5052599999999999,-0.02972117647058823,0.006121176470588235,-0.03584235294117647,0,0.058823529411764705,0.058823529411764705,1,0,0
0.015550000000000008,0.0031100000000000017,0.050832,-0.047722,0,0.2,0.0,0,0,1
-0.37655,-0.02215,0.0,-0.02215,0,0.058823529411764705,0.0,0,0,0
0.66137,0.0264548,0.0264548,0.0,1,0.08,0.0,0,0,1
0.8499,0.05666,0.05666,0.0,0,0.06666666666666667,0.0,0,1,1
0.55517,0.032657058823529414,0.032657058823529414,0.0,0,0.0,0.0,0,1,0
-0.07049,-0.004405625,0.01649,-0.020895625,0,0.0,0.0,0,0,1
0.054669999999999996,0.0039049999999999996,0.013445,-0.009540000000000002,0,0.0,0.07142857142857142,0,0,0
0.19916,0.009958,0.013666500000000002,-0.0037085,0,0.05,0.0,0,0,1
0.36407999999999996,0.010113333333333332,0.028316666666666664,-0.018203333333333335,0,0.0,0.05555555555555555,0,0,0
0.64445,0.21481666666666666,0.21481666666666666,0.0,0,0.6666666666666666,0.0,1,0,1
0.0,0.0,0.0,0.0,0,0.0,0.0,0,0,0
0.0,0.0,0.0,0.0,0,0.0,0.0,0,0,0
0.70668,0.03365142857142857,0.03365142857142857,0.0,0,0.0,0.0,0,0,0
1.3139500000000002,0.07729117647058825,0.07729117647058825,0.0,0,0.058823529411764705,0.0,0,0,1
-0.77352,-0.06446,0.0,-0.06446,0,0.0,0.16666666666666666,0,1,1
1.19613,0.06295421052631578,0.0664842105263158,-0.00353,0,0.15789473684210525,0.0,0,0,1
0.91423,0.1306042857142857,0.1306042857142857,0.0,0,0.0,0.14285714285714285,0,0,0
0.47338,0.02784588235294118,0.02784588235294118,0.0,0,0.0,0.0,0,0,1
0.66124,0.02066375,0.0245565625,-0.0038928125,0,0.03125,0.0,0,1,1
0.8608600000000001,0.02099658536585366,0.03551170731707317,-0.014515121951219512,0,0.0,0.024390243902439025,0,1,0
1.21946,0.0487784,0.0487784,0.0,0,0.04,0.04,0,1,1
1.91223,0.056242058823529416,0.056242058823529416,0.0,0,0.11764705882352941,0.058823529411764705,0,1,1
0.1872,0.0234,0.0234,0.0,0,0.0,0.0,0,0,1
0.77675,0.026784482758620692,0.03196827586206897,-0.005183793103448276,0,0.034482758620689655,0.034482758620689655,0,0,1
0.0,0.0,0.0,0.0,0,0.0,0.0,0,1,0
0.98932,0.06595466666666666,0.06595466666666666,0.0,0,0.06666666666666667,0.0,0,1,1
0.66375,0.036875,0.036875,0.0,0,0.05555555555555555,0.0,0,0,1
0.18823,0.012548666666666668,0.012548666666666668,0.0,0,0.06666666666666667,0.0,0,0,1
0,0.0,0.0,0.0,0,0.125,0.0,0,0,1
0.66647,0.027769583333333334,0.03878416666666667,-0.011014583333333333,0,0.041666666666666664,0.0,0,0,1
0.0,0.0,0.0,0.0,0,0.0,0.0,1,0,0
0.84599,0.03845409090909091,0.03845409090909091,0.0,0,0.045454545454545456,0.0,0,0,1
0.98352,0.12294,0.12294,0.0,0,0.125,0.0,0,0,1
0.26785,0.02976111111111111,0.02976111111111111,0.0,0,0.1111111111111111,0.0,0,0,0
0.23667,0.006960882352941176,0.006960882352941176,0.0,0,0.029411764705882353,0.0,0,0,0
-0.24332,-0.0097328,0.012808,-0.0225408,0,0.04,0.04,0,0,0
0.84599,0.04976411764705883,0.04976411764705883,0.0,0,0.058823529411764705,0.058823529411764705,0,0,1
0.20189000000000001,0.007765,0.007765,0.0,0,0.0,0.0,0,1,0
1.2053,0.04635769230769231,0.04635769230769231,0.0,0,0.07692307692307693,0.0,0,0,1
0.26933,0.022444166666666668,0.022777500000000003,-0.0003333333333333333,0,0.0,0.08333333333333333,0,0,0
0.55487,0.034679375,0.034679375,0.0,0,0.125,0.0,0,0,1
1.15498,0.013588,0.01365670588235294,-6.870588235294117e-05,6,0.0,0.023529411764705882,0,2,0
0.22068999999999997,0.0042440384615384606,0.005303653846153846,-0.0010596153846153848,0,0.0,0.019230769230769232,0,1,0
0.69204,0.04070823529411765,0.04070823529411765,0.0,0,0.0,0.058823529411764705,0,1,1
1.83974,0.11498375,0.11498375,0.0,0,0.0625,0.0,0,0,0
1.03745,0.04715681818181818,0.04715681818181818,0.0,0,0.045454545454545456,0.0,0,0,1
0.93246,0.028256363636363635,0.051664545454545456,-0.023408181818181818,0,0.06060606060606061,0.12121212121212122,0,0,0
0.24102,0.03443142857142857,0.06851857142857143,-0.03408714285714286,0,0.0,0.14285714285714285,0,0,0
1.22712,0.06458526315789474,0.06458526315789474,0.0,0,0.05263157894736842,0.0,0,0,1
0.0,0.0,0.0,0.0,0,0.07142857142857142,0.0,0,0,1
0.33377,0.01854277777777778,0.01854277777777778,0.0,0,0.0,0.0,0,1,1
-0.37419,-0.010394166666666668,0.0006383333333333333,-0.0110325,0,0.027777777777777776,0.027777777777777776,0,0,0
0.5821500000000001,0.03063947368421053,0.03063947368421053,0.0,0,0.05263157894736842,0.0,0,0,0
0.9803400000000001,0.04668285714285715,0.05754285714285715,-0.01086,0,0.047619047619047616,0.047619047619047616,0,0,0
0.0,0.0,0.0,0.0,0,0.0,0.0,0,0,0
1.11882,0.12431333333333333,0.12431333333333333,0.0,0,0.1111111111111111,0.0,0,0,1
0.30758,0.030758,0.030758,0.0,0,0.0,0.1,0,0,0
0.0,0.0,0.0,0.0,0,0.0,0.0,0,0,0
0.64445,0.08055625,0.08055625,0.0,0,0.125,0.0,1,0,1
0.09113000000000002,0.003962173913043479,0.022205652173913043,-0.018243478260869563,0,0.0,0.08695652173913043,3,0,0
-0.46337000000000006,-0.019307083333333336,0.0072475000000000005,-0.026554583333333336,0,0.08333333333333333,0.041666666666666664,0,1,0
0.28706,0.015947777777777776,0.015947777777777776,0.0,0,0.05555555555555555,0.0,1,0,1
0.07623000000000002,0.0025410000000000007,0.014785333333333334,-0.012244333333333333,0,0.0,0.03333333333333333,0,0,0
-0.10193000000000002,-0.002912285714285715,0.01783257142857143,-0.02074485714285714,0,0.02857142857142857,0.05714285714285714,0,0,0
0.9510000000000001,0.0634,0.0634,0.0,0,0.06666666666666667,0.0,0,0,1
0.0,0.0,0.0,0.0,0,0.0,0.1111111111111111,0,0,0
0.39836000000000005,0.005241578947368422,0.01606657894736842,-0.010825,0,0.0,0.039473684210526314,0,1,0
-0.11886999999999998,-0.007924666666666665,0.03750266666666667,-0.04542733333333333,0,0.0,0.13333333333333333,0,1,0
0.0,0.0,0.0,0.0,0,0.0,0.25,0,0,0
0.64445,0.12889,0.12889,0.0,0,0.2,0.0,0,0,1
0.2818,0.007827777777777777,0.007908888888888889,-8.11111111111111e-05,0,0.0,0.0,0,2,0
-0.6790499999999999,-0.020577272727272725,0.00481,-0.025387272727272727,0,0.030303030303030304,0.06060606060606061,0,3,1
-0.3257,-0.00986969696969697,9.939393939393939e-05,-0.009969090909090908,0,0.0,0.06060606060606061,0,0,1
-0.27764,-0.008413333333333333,0.007757272727272727,-0.016170606060606062,0,0.0,0.06060606060606061,0,0,0
-0.10916,-0.00341125,0.0034246875,-0.0068359375,0,0.0,0.0625,0,0,0
0.8666599999999999,0.02342324324324324,0.05630243243243244,-0.032879189189189195,0,0.0,0.05405405405405406,0,0,0
0.68968,0.07663111111111111,0.07663111111111111,0.0,0,0.1111111111111111,0.0,0,0,1
-0.18413,-0.011508125,0.0,-0.011508125,0,0.0,0.0,0,0,0
0.29126,0.012135833333333334,0.012135833333333334,0.0,0,0.08333333333333333,0.0,0,0,0
0.37129,0.024752666666666666,0.024752666666666666,0.0,0,0.06666666666666667,0.06666666666666667,0,1,0
0.12208,0.00763,0.00763,0.0,0,0.0,0.0,0,1,0
0.36457,0.026040714285714285,0.026040714285714285,0.0,0,0.07142857142857142,0.07142857142857142,0,1,0
-0.33378,-0.033378000000000005,0.0,-0.033378000000000005,0,0.0,0.1,0,0,0
0.33554,0.016777,0.0380635,-0.0212865,1,0.05,0.05,0,0,0
0.09132000000000001,0.005073333333333334,0.03591055555555556,-0.03083722222222222,0,0.0,0.0,0,0,0
-0.22806,-0.02534,0.0,-0.02534,0,0.0,0.1111111111111111,0,0,0
0.7665299999999999,0.1095042857142857,0.1095042857142857,0.0,0,0.14285714285714285,0.0,0,0,1
0.64445,0.04296333333333333,0.04296333333333333,0.0,0,0.06666666666666667,0.0,0,0,1
0.0,0.0,0.0,0.0,0,0.0,0.0,0,1,0
0.9726400000000001,0.04421090909090909,0.04421090909090909,0.0,0,0.045454545454545456,0.0,0,0,1
0.0,0.0,0.0,0.0,0,0.0,0.16666666666666666,0,0,0
0,0.0,0.0,0.0,0,0.0,0.05,0,0,0
0.71128,0.04184,0.04184,0.0,0,0.11764705882352941,0.0,0,2,0
0.06581000000000004,0.0024374074074074085,0.020912962962962963,-0.018475555555555554,0,0.07407407407407407,0.037037037037037035,0,0,0
0.24141,0.040235,0.040235,0.0,0,0.16666666666666666,0.0,0,0,1
0.24795999999999996,0.005510222222222221,0.015468444444444443,-0.00995822222222222,0,0.044444444444444446,0.022222222222222223,0,0,1
0.49554,0.05506,0.05506,0.0,0,0.2222222222222222,0.0,1,0,1
0.93809,0.03026096774193548,0.03026096774193548,0.0,0,0.03225806451612903,0.0,0,1,1
0.13621000000000005,0.0038917142857142874,0.022274285714285715,-0.01838257142857143,0,0.02857142857142857,0.05714285714285714,0,1,0
0,0.0,0.0,0.0,0,0.08333333333333333,0.0,0,1,1
1.07119,0.07141266666666667,0.07141266666666667,0.0,0,0.0,0.0,0,1,0
0.44415,0.027759375,0.027759375,0.0,0,0.0,0.0625,0,2,1
0.7612399999999999,0.047577499999999995,0.047577499999999995,0.0,0,0.0,0.0,0,0,0
-0.4776,-0.01836923076923077,0.0,-0.01836923076923077,0,0.0,0.038461538461538464,0,1,0
-0.53465,-0.023245652173913042,0.0,-0.023245652173913042,0,0.0,0.08695652173913043,0,0,1
0.84174,0.14029,0.14029,0.0,0,0.16666666666666666,0.0,0,0,1
1.69903,0.07722863636363636,0.07722863636363636,0.0,0,0.13636363636363635,0.0,0,0,1
0.57976,0.04141142857142858,0.04141142857142858,0.0,0,0.14285714285714285,0.0,0,0,1
0.68603,0.026385769230769233,0.03864461538461539,-0.012258846153846155,0,0.038461538461538464,0.038461538461538464,0,0,1
0.75469,0.05390642857142857,0.05574285714285714,-0.0018364285714285715,0,0.14285714285714285,0.0,0,0,1
-0.17672,-0.016065454545454546,0.01371,-0.029775454545454546,0,0.0,0.09090909090909091,0,0,0
1.17266,0.05584095238095238,0.05584095238095238,0.0,0,0.0,0.0,1,1,0
-0.13881,-0.008675625,0.0,-0.008675625,0,0.0,0.0625,0,0,0
0.68127,0.1703175,0.1703175,0.0,0,0.25,0.0,0,0,1
0.0,0.0,0.0,0.0,0,0.0,0.0,0,1,1
1.0639,0.1329875,0.1329875,0.0,0,0.0,0.0,0,0,1
0.28706,0.04100857142857143,0.04100857142857143,0.0,0,0.14285714285714285,0.0,0,0,1
0.8303,0.02244054054054054,0.02687972972972973,-0.004439189189189189,0,0.02702702702702703,0.02702702702702703,0,0,0
0.8213699999999999,0.048315882352941174,0.05956294117647059,-0.011247058823529412,0,0.058823529411764705,0.0,0,0,1
1.0184499999999999,0.025461249999999998,0.0438355,-0.01837425,0,0.075,0.025,0,0,1
0.93162,0.04903263157894737,0.04903263157894737,0.0,0,0.05263157894736842,0.05263157894736842,0,0,0
0.36466,0.03315090909090909,0.03315090909090909,0.0,0,0.09090909090909091,0.0,0,0,1
0.61877,0.029465238095238096,0.029465238095238096,0.0,0,0.047619047619047616,0.0,0,0,1
2.8861600000000003,0.09620533333333334,0.09620533333333334,0.0,0,0.1,0.0,0,0,1
0.46245,0.03557307692307692,0.03557307692307692,0.0,0,0.15384615384615385,0.0,0,0,1
-0.27459,-0.0085809375,0.0115809375,-0.020161875,0,0.03125,0.03125,0,0,1
-0.4776,-0.01768888888888889,0.0,-0.01768888888888889,0,0.0,0.037037037037037035,0,0,0
0.1872,0.0234,0.0234,0.0,0,0.125,0.0,0,0,1
0.0,0.0,0.0,0.0,0,0.0,0.0,0,0,0
1.28006,0.07529764705882352,0.07529764705882352,0.0,0,0.17647058823529413,0.0,0,0,1
1.93703,0.1383592857142857,0.1383592857142857,0.0,0,0.2857142857142857,0.0,0,0,1
0.8007899999999999,0.044488333333333324,0.044488333333333324,0.0,0,0.1111111111111111,0.0,0,0,1
0.0,0.0,0.0,0.0,0,0.0,0.0,0,0,1
1.5997499999999998,0.047051470588235285,0.047051470588235285,0.0,0,0.029411764705882353,0.0,0,0,1
0.5985400000000001,0.028501904761904766,0.034433809523809526,-0.0059319047619047615,0,0.0,0.047619047619047616,0,0,0
0.6634400000000001,0.025516923076923083,0.03288769230769231,-0.007370769230769231,0,0.07692307692307693,0.038461538461538464,0,0,1
1.65712,0.030687407407407406,0.03779629629629629,-0.0071088888888888885,0,0.018518518518518517,0.09259259259259259,0,0,0
0.12208,0.020346666666666666,0.020346666666666666,0.0,0,0.0,0.0,0,0,0
1.4771299999999998,0.08689,0.08689,0.0,0,0.11764705882352941,0.0,0,0,1
0.3841,0.01745909090909091,0.01745909090909091,0.0,0,0.18181818181818182,0.0,0,0,1
0,0.0,0.0,0.0,0,0.0,0.0,0,0,1
-0.30861,-0.01285875,0.0,-0.01285875,0,0.041666666666666664,0.041666666666666664,0,0,1
1.36155,0.07564166666666666,0.07564166666666666,0.0,0,0.16666666666666666,0.0,0,0,1
0.0,0.0,0.0,0.0,0,0.0,0.0,0,2,0
2.06822,0.04055333333333334,0.04055333333333334,0.0,0,0.0392156862745098,0.0,0,0,0
0.83538,0.027846,0.027943333333333334,-9.733333333333333e-05,0,0.06666666666666667,0.0,1,0,1
0.27619,0.03945571428571428,0.03945571428571428,0.0,0,0.0,0.0,0,0,0
0.8422799999999999,0.06479076923076922,0.06479076923076922,0.0,0,0.15384615384615385,0.0,0,0,1
0.70934,0.03940777777777778,0.03940777777777778,0.0,0,0.05555555555555555,0.0,0,0,1
-0.23163000000000009,-0.007471935483870971,0.04181290322580645,-0.04928483870967742,0,0.03225806451612903,0.06451612903225806,0,0,0
0.27353,0.018235333333333333,0.04273733333333333,-0.024502000000000003,0,0.0,0.06666666666666667,0,0,1
1.06692,0.03951555555555556,0.03951555555555556,0.0,0,0.07407407407407407,0.0,0,2,0
-0.31108,-0.07777,0.0,-0.07777,0,0.0,0.25,0,0,0
0.30051,0.018781875,0.033694999999999996,-0.014913125,0,0.0,0.0,0,0,1
0.74339,0.371695,0.371695,0.0,0,0.5,0.0,0,0,1
1.83974,0.11498375,0.11498375,0.0,0,0.0625,0.0,0,0,1
0.18823,0.010457222222222222,0.010457222222222222,0.0,0,0.05555555555555555,0.0,1,1,0
0.65986,0.05998727272727273,0.05998727272727273,0.0,0,0.09090909090909091,0.0,1,0,1
0,0.0,0.0,0.0,0,0.0,0.0,0,0,1
0.06879,0.007643333333333334,0.007643333333333334,0.0,0,0.0,0.1111111111111111,0,0,1
0.64017,0.040010625,0.040010625,0.0,0,0.0,0.0625,0,1,0
-0.33798999999999996,-0.012999615384615384,0.003138846153846154,-0.01613846153846154,0,0.07692307692307693,0.038461538461538464,0,1,0
0.22585,0.011886842105263157,0.019192631578947367,-0.00730578947368421,0,0.05263157894736842,0.05263157894736842,0,1,0
1.52477,0.08470944444444445,0.08470944444444445,0.0,0,0.1111111111111111,0.0,0,0,1
0.22303,0.031861428571428575,0.031861428571428575,0.0,0,0.0,0.14285714285714285,0,0,0
0.59089,0.042206428571428575,0.042206428571428575,0.0,0,0.0,0.0,0,1,0
1.02736,0.05407157894736842,0.05407157894736842,0.0,0,0.15789473684210525,0.0,0,1,1
0.0,0.0,0.0,0.0,0,0.0,0.15384615384615385,0,0,0
1.45007,0.13182454545454544,0.14739545454545455,-0.01557090909090909,0,0.09090909090909091,0.0,0,0,1
0.75692,0.05822461538461539,0.08559307692307691,-0.02736846153846154,0,0.07692307692307693,0.07692307692307693,0,0,0
0.33523000000000003,0.01289346153846154,0.01300576923076923,-0.0001123076923076923,0,0.038461538461538464,0.0,0,0,1
0,0.0,0.0,0.0,0,0.0,0.0,1,1,0
0.06437999999999999,0.0025751999999999997,0.0244328,-0.0218576,0,0.08,0.08,0,0,1
0.47609,0.029755625,0.04197625,-0.012220625,0,0.0625,0.0625,0,1,1
0.8172600000000001,0.04301368421052632,0.04301368421052632,0.0,0,0.05263157894736842,0.0,0,1,1
0.0,0.0,0.0,0.0,0,0.0,0.0,0,0,0
1.39432,0.12675636363636364,0.12675636363636364,0.0,0,0.09090909090909091,0.0,0,0,1
0.8702000000000001,0.07251666666666667,0.07251666666666667,0.0,0,0.16666666666666666,0.0,0,0,0
0.02965,0.0017441176470588235,0.0017441176470588235,0.0,0,0.0,0.0,0,1,1
-0.46292,-0.11573,0.0,-0.11573,0,0.0,0.25,0,0,0
0.64445,0.0322225,0.0322225,0.0,0,0.05,0.0,0,0,1
0.8088,0.03516521739130435,0.03516521739130435,0.0,1,0.043478260869565216,0.0,0,0,1
0.052700000000000025,0.0031000000000000016,0.011265294117647059,-0.008165294117647059,0,0.0,0.058823529411764705,0,0,1
-0.23418999999999998,-0.01232578947368421,0.007007368421052632,-0.01933315789473684,0,0.0,0.0,0,0,0
0.93162,0.08469272727272727,0.08469272727272727,0.0,0,0.09090909090909091,0.0,0,0,1
0.17394,0.005270909090909091,0.005270909090909091,0.0,0,0.06060606060606061,0.0,0,0,1
0.74846,0.034020909090909095,0.03667181818181819,-0.002650909090909091,0,0.045454545454545456,0.045454545454545456,0,0,0
0.0,0.0,0.0,0.0,0,0.043478260869565216,0.0,0,1,0
0.7817000000000002,0.03398695652173914,0.07863565217391305,-0.044648695652173914,0,0.08695652173913043,0.08695652173913043,0,0,0
-0.23102,-0.015401333333333333,0.006434,-0.02183533333333333,0,0.0,0.06666666666666667,0,0,0
0.14142,0.007856666666666666,0.007856666666666666,0.0,0,0.1111111111111111,0.0,0,0,1
1.8408000000000002,0.03756734693877552,0.039199387755102046,-0.0016320408163265306,0,0.0,0.02040816326530612,0,2,0
0.43281,0.043281,0.043281,0.0,0,0.0,0.0,1,0,0
0.05841,0.0029205,0.0029205,0.0,0,0.0,0.0,0,0,0
1.0040799999999999,0.04183666666666666,0.04183666666666666,0.0,3,0.041666666666666664,0.08333333333333333,0,2,0
2.01793,0.04586204545454545,0.04586204545454545,0.0,0,0.045454545454545456,0.0,1,0,0
0.0,0.0,0.0,0.0,0,0.08695652173913043,0.0,0,0,1
-0.5465800000000001,-0.021863200000000003,0.0168836,-0.0387468,0,0.04,0.08,0,1,0
0.67393,0.018214324324324325,0.020091621621621623,-0.0018772972972972975,0,0.02702702702702703,0.0,0,1,1
-0.41988000000000003,-0.022098947368421055,0.012066842105263159,-0.03416578947368421,0,0.0,0.05263157894736842,0,0,0
2.01793,0.04586204545454545,0.04586204545454545,0.0,0,0.045454545454545456,0.0,1,0,1
0.09651,0.013787142857142857,0.013787142857142857,0.0,0,0.0,0.0,0,1,0
0.10546999999999998,0.004394583333333333,0.026629166666666666,-0.022234583333333335,0,0.08333333333333333,0.041666666666666664,0,1,0
0.26804,0.026804,0.026804,0.0,0,0.1,0.0,0,0,1
-0.51524,-0.04684,0.0,-0.04684,0,0.09090909090909091,0.09090909090909091,0,0,0
1.21463,0.033739722222222226,0.04389027777777778,-0.010150555555555557,0,0.08333333333333333,0.027777777777777776,0,1,1
1.4015,0.10010714285714285,0.10010714285714285,0.0,0,0.2857142857142857,0.0,0,0,1
0.97771,0.08888272727272727,0.08888272727272727,0.0,0,0.2727272727272727,0.0,0,0,1
0.62681,0.05698272727272727,0.05698272727272727,0.0,0,0.0,0.0,0,0,0
0.57068,0.03003578947368421,0.03003578947368421,0.0,0,0.05263157894736842,0.05263157894736842,0,1,0
-0.27603,-0.0230025,0.0,-0.0230025,0,0.0,0.08333333333333333,0,0,0
0.25447999999999993,0.0037423529411764697,0.027051029411764706,-0.023308676470588235,0,0.029411764705882353,0.058823529411764705,0,1,0
2.08735,0.05963857142857142,0.05963857142857142,0.0,0,0.02857142857142857,0.0,0,1,0
0.74339,0.1858475,0.1858475,0.0,0,0.25,0.0,0,0,1
0.1872,0.006455172413793103,0.006455172413793103,0.0,0,0.034482758620689655,0.0,1,0,1
1.85597,0.0579990625,0.059585312499999994,-0.00158625,0,0.0625,0.0,0,0,0
0.22927,0.02865875,0.02865875,0.0,0,0.0,0.0,0,0,0
-0.6442,-0.04955384615384616,0.0,-0.04955384615384616,0,0.0,0.15384615384615385,0,0,0
-0.42989,-0.03306846153846154,0.008676923076923077,-0.041745384615384615,0,0.07692307692307693,0.15384615384615385,0,0,0
1.03208,0.03822518518518519,0.04093851851851852,-0.0027133333333333337,0,0.0,0.0,0,1,0
0.81504,0.054336,0.054336,0.0,0,0.0,0.06666666666666667,1,1,0
0.61921,0.061921000000000004,0.061921000000000004,0.0,0,0.2,0.0,0,0,1
0,0.0,0.0,0.0,0,0.0,0.0,0,0,1
0.63541,0.07060111111111111,0.07060111111111111,0.0,0,0.1111111111111111,0.0,0,0,1
-0.447,-0.049666666666666665,0.0017688888888888889,-0.051435555555555554,0,0.0,0.1111111111111111,0,0,0
0.47528,0.020664347826086955,0.020664347826086955,0.0,0,0.0,0.043478260869565216,0,0,0
0.16993999999999998,0.010621249999999999,0.014065,-0.00344375,0,0.0,0.0,0,0,0
0.7112799999999999,0.04741866666666666,0.04761333333333333,-0.00019466666666666666,0,0.0,0.0,0,0,0
-0.19821,-0.014157857142857142,0.0,-0.014157857142857142,0,0.07142857142857142,0.0,1,0,1
1.32884,0.07816705882352941,0.07816705882352941,0.0,0,0.11764705882352941,0.0,0,0,1
1.47808,0.09853866666666668,0.09853866666666668,0.0,0,0.13333333333333333,0.0,0,0,1
1.43942,0.043618787878787875,0.043618787878787875,0.0,0,0.09090909090909091,0.06060606060606061,0,1,1
1.11408,0.06963,0.06963,0.0,0,0.0625,0.0,0,0,1
0.64445,0.07160555555555555,0.07160555555555555,0.0,0,0.1111111111111111,0.0,0,0,1
0.57976,0.05270545454545455,0.05270545454545455,0.0,0,0.2727272727272727,0.0,0,0,1
0.0,0.0,0.0,0.0,0,0.0,0.07142857142857142,0,0,0
0.11704,0.0061600000000000005,0.0061600000000000005,0.0,0,0.05263157894736842,0.0,0,0,1
-0.26175,-0.03739285714285714,0.0,-0.03739285714285714,0,0.0,0.14285714285714285,0,0,0
0,0.0,0.0,0.0,0,0.041666666666666664,0.0,0,0,1
-0.39402000000000004,-0.035820000000000005,0.03277818181818182,-0.06859818181818182,0,0.0,0.18181818181818182,0,0,0
1.7911700000000002,0.07463208333333333,0.07463208333333333,0.0,0,0.08333333333333333,0.0,1,0,1
0.00328,0.00019294117647058822,0.00019294117647058822,0.0,0,0.058823529411764705,0.0,0,0,1
0.01815,0.00121,0.013024666666666665,-0.011814666666666666,0,0.06666666666666667,0.0,0,1,0
0.57976,0.07247,0.07247,0.0,0,0.125,0.0,0,0,1
0.0,0.0,0.0,0.0,0,0.0,0.1,0,0,1
0.58443,0.01771,0.01771,0.0,0,0.030303030303030304,0.0,0,0,1
0.47123000000000004,0.03624846153846154,0.049008461538461535,-0.01276,0,0.0,0.0,0,0,1
0.46026,0.03540461538461538,0.03540461538461538,0.0,0,0.15384615384615385,0.0,0,0,0
1.20517,0.10043083333333334,0.10043083333333334,0.0,0,0.08333333333333333,0.0,0,0,1
0.3530000000000001,0.012172413793103451,0.04371137931034483,-0.031538965517241384,0,0.034482758620689655,0.06896551724137931,0,1,0
-0.08121,-0.00427421052631579,0.014174736842105263,-0.018448947368421054,0,0.0,0.05263157894736842,0,0,0
-0.035339999999999996,-0.0016828571428571426,0.0010942857142857143,-0.002777142857142857,0,0.09523809523809523,0.047619047619047616,0,0,0
0.17394,0.008697,0.008697,0.0,0,0.0,0.0,0,0,0
-0.1294,-0.014377777777777776,0.0,-0.014377777777777776,0,0.0,0.0,0,0,1
0.09058,0.012939999999999998,0.012939999999999998,0.0,0,0.14285714285714285,0.0,0,0,1
-0.0551,-0.002623809523809524,0.0,-0.002623809523809524,0,0.047619047619047616,0.0,0,1,0
0.68968,0.038315555555555554,0.038315555555555554,0.0,0,0.05555555555555555,0.0,0,0,1
0.4410700000000001,0.014702333333333336,0.03435733333333334,-0.019655,0,0.1,0.03333333333333333,0,0,1
-0.13066,-0.0163325,0.0598325,-0.076165,0,0.25,0.125,0,0,0
1.13357,0.03656677419354839,0.03953806451612903,-0.002971290322580645,0,0.06451612903225806,0.03225806451612903,0,1,1
0.31281000000000003,0.011171785714285716,0.011171785714285716,0.0,0,0.03571428571428571,0.0,0,0,0
0.0,0.0,0.0,0.0,0,0.0,0.0,0,1,0
0.64445,0.08055625,0.08055625,0.0,0,0.125,0.0,0,0,1
0.75469,0.05390642857142857,0.05574285714285714,-0.0018364285714285715,0,0.14285714285714285,0.0,0,0,0
0.93162,0.07166307692307693,0.07166307692307693,0.0,0,0.07692307692307693,0.0,0,1,0
0.60754,0.040502666666666666,0.04612733333333333,-0.005624666666666667,1,0.06666666666666667,0.0,0,0,0
1.82041,0.113775625,0.113775625,0.0,0,0.0625,0.0,0,0,1
0.47739,0.02808176470588235,0.02808176470588235,0.0,0,0.0,0.0,0,1,0
0.55141,0.032435882352941175,0.032435882352941175,0.0,0,0.058823529411764705,0.0,0,0,1
0.64232,0.04940923076923077,0.04940923076923077,0.0,0,0.07692307692307693,0.0,1,0,1
0.24358999999999997,0.00902185185185185,0.026167037037037037,-0.017145185185185183,0,0.0,0.07407407407407407,0,1,0
0.11026999999999995,0.009189166666666663,0.05267833333333333,-0.04348916666666666,0,0.08333333333333333,0.08333333333333333,0,0,0
0.7894300000000001,0.037591904761904764,0.037591904761904764,0.0,0,0.09523809523809523,0.047619047619047616,1,0,1
0.9096499999999998,0.036385999999999995,0.036385999999999995,0.0,0,0.04,0.0,0,1,0
1.7522300000000002,0.03021086206896552,0.036870344827586214,-0.006659482758620689,0,0.034482758620689655,0.017241379310344827,0,2,0
0.19295,0.008770454545454547,0.008770454545454547,0.0,0,0.045454545454545456,0.0,1,0,0
0.0,0.0,0.0,0.0,0,0.0,0.0,1,1,0
0.18823,0.018823,0.018823,0.0,0,0.2,0.0,0,0,1
0,0.0,0.0,0.0,0,0.14285714285714285,0.0,0,0,0
0.0,0.0,0.0,0.0,0,0.0,0.0,1,0,0
0.6716,0.017673684210526314,0.021834736842105264,-0.004161052631578947,0,0.02631578947368421,0.02631578947368421,0,0,1
0.41084,0.03734909090909091,0.03734909090909091,0.0,0,0.18181818181818182,0.0,0,0,1
0.00328,0.00046857142857142855,0.00046857142857142855,0.0,0,0.0,0.0,0,0,1
0.63746,0.03541444444444444,0.043126111111111115,-0.007711666666666666,0,0.0,0.1111111111111111,0,0,0
0.267,0.0178,0.029614666666666668,-0.011814666666666666,0,0.13333333333333333,0.0,0,0,0
-0.61988,-0.047683076923076925,0.0,-0.047683076923076925,0,0.07692307692307693,0.07692307692307693,0,0,0
0.36466,0.030388333333333333,0.030388333333333333,0.0,0,0.08333333333333333,0.0,0,0,1
0.31653000000000003,0.01376217391304348,0.024136521739130435,-0.010374347826086957,0,0.0,0.0,0,0,1
0.14487999999999995,0.018109999999999994,0.0598325,-0.0417225,0,0.25,0.125,0,0,0
0.64445,0.064445,0.064445,0.0,0,0.1,0.0,0,0,1
1.53606,0.08533666666666667,0.09859277777777778,-0.013256111111111111,0,0.0,0.0,0,0,1
-0.02571,-0.0023372727272727273,0.0,-0.0023372727272727273,0,0.09090909090909091,0.0,0,0,0
0.24612,0.018932307692307693,0.018932307692307693,0.0,0,0.07692307692307693,0.07692307692307693,0,1,0
0.54222,0.024646363636363636,0.024646363636363636,0.0,0,0.0,0.0,0,0,1
0.98476,0.14068,0.14068,0.0,0,0.14285714285714285,0.0,0,0,1
1.10857,0.031673428571428575,0.031673428571428575,0.0,0,0.0,0.0,0,1,0
1.0482099999999999,0.03882259259259259,0.040628518518518515,-0.0018059259259259259,0,0.07407407407407407,0.037037037037037035,0,0,0
1.15952,0.08282285714285716,0.08282285714285716,0.0,0,0.14285714285714285,0.0,0,0,1
-0.49556,-0.02915058823529412,0.006691764705882353,-0.03584235294117647,0,0.0,0.058823529411764705,0,0,0
0.0,0.0,0.0,0.0,0,0.06666666666666667,0.0,0,0,1
-0.6550299999999999,-0.016375749999999998,0.00598225,-0.022358,0,0.025,0.125,0,1,0
0.74339,0.03539952380952381,0.03539952380952381,0.0,0,0.047619047619047616,0.047619047619047616,0,1,1
0.54125,0.016401515151515153,0.018952424242424243,-0.002550909090909091,0,0.030303030303030304,0.030303030303030304,0,0,0
0.45841,0.02412684210526316,0.02412684210526316,0.0,0,0.05263157894736842,0.0,0,2,0
2.1587,0.05535128205128205,0.06600948717948718,-0.010658205128205128,0,0.02564102564102564,0.02564102564102564,0,0,1
0.06879,0.011465000000000001,0.011465000000000001,0.0,0,0.16666666666666666,0.0,0,0,1
0.05256,0.003504,0.003504,0.0,0,0.0,0.06666666666666667,0,0,0
0.9211699999999999,0.027093235294117644,0.027093235294117644,0.0,0,0.17647058823529413,0.029411764705882353,0,2,1
0.97524,0.03612,0.03612,0.0,0,0.1111111111111111,0.0,0,0,0
0.9211699999999999,0.027093235294117644,0.027093235294117644,0.0,0,0.17647058823529413,0.029411764705882353,0,2,0
0.53788,0.015368000000000001,0.01735,-0.001982,0,0.02857142857142857,0.02857142857142857,0,0,0
0.7962400000000001,0.049765000000000004,0.05434375,-0.00457875,1,0.0625,0.0,0,1,0
1.5818800000000002,0.056495714285714295,0.06261285714285715,-0.006117142857142857,0,0.03571428571428571,0.0,0,0,1
0.46055999999999997,0.03838,0.03838,0.0,0,0.3333333333333333,0.0,0,0,1
0.8246199999999999,0.10307749999999999,0.10307749999999999,0.0,0,0.125,0.0,0,0,1
0.64445,0.12889,0.12889,0.0,0,0.2,0.0,0,0,1
-0.287,-0.020499999999999997,0.004913571428571429,-0.025413571428571428,0,0.14285714285714285,0.07142857142857142,0,1,0
1.11714,0.05319714285714286,0.06455952380952382,-0.011362380952380952,0,0.047619047619047616,0.0,0,0,1
0.94644,0.09464399999999999,0.09464399999999999,0.0,0,0.2,0.0,1,0,1
0.26355999999999996,0.032944999999999995,0.092645,-0.0597,0,0.125,0.125,0,0,0
1.3995699999999998,0.04826103448275861,0.04826103448275861,0.0,0,0.034482758620689655,0.034482758620689655,1,1,1
0.41218,0.02576125,0.040674375,-0.014913125,0,0.0625,0.0,0,0,1
0.17394,0.011596,0.011596,0.0,0,0.06666666666666667,0.06666666666666667,0,0,0
0.0,0.0,0.0,0.0,0,0.0,0.0,0,0,0
-0.2228000000000001,-0.004740425531914896,0.010880851063829787,-0.015621276595744683,0,0.02127659574468085,0.0425531914893617,0,0,0
1.34908,0.0539632,0.0539632,0.0,0,0.2,0.0,0,0,1
0.56395,0.031330555555555556,0.031330555555555556,0.0,0,0.05555555555555555,0.0,0,0,1
0.55437,0.029177368421052632,0.029177368421052632,0.0,0,0.05263157894736842,0.0,0,0,1
0.28546,0.012411304347826087,0.012411304347826087,0.0,0,0.0,0.08695652173913043,0,0,0
1.3815300000000001,0.04063323529411765,0.04063323529411765,0.0,0,0.058823529411764705,0.0,0,1,1
0.70705,0.014730208333333333,0.015587916666666665,-0.0008577083333333333,0,0.0,0.041666666666666664,0,2,0
0.0,0.0,0.0,0.0,0,0.03333333333333333,0.0,0,1,0
0.6201,0.028186363636363634,0.040733181818181814,-0.012546818181818182,0,0.0,0.045454545454545456,0,0,0
-1.01405,-0.059649999999999995,0.0,-0.059649999999999995,0,0.0,0.058823529411764705,0,0,0
0.0,0.0,0.0,0.0,0,0.125,0.0,0,0,0
0.51542,0.015618787878787878,0.021625151515151514,-0.006006363636363636,0,0.06060606060606061,0.0,0,1,0
0.27981,0.016459411764705882,0.0166,-0.00014058823529411766,0,0.11764705882352941,0.0,0,0,1
-0.19241999999999998,-0.01480153846153846,0.03206923076923077,-0.04687076923076923,0,0.07692307692307693,0.15384615384615385,0,0,0
0.38767000000000007,0.01762136363636364,0.04088909090909091,-0.02326772727272727,0,0.0,0.09090909090909091,0,1,0
1.55681,0.03892025,0.042034499999999995,-0.00311425,0,0.025,0.0,0,0,1
0.60063,0.028601428571428573,0.028601428571428573,0.0,0,0.0,0.047619047619047616,0,0,0
0,0.0,0.0,0.0,0,0.0,0.0,0,0,0
1.2712599999999998,0.1412511111111111,0.1412511111111111,0.0,0,0.2222222222222222,0.0,1,0,1
0.81923,0.05851642857142857,0.05851642857142857,0.0,0,0.07142857142857142,0.0,1,0,1
0.82612,0.059008571428571424,0.059008571428571424,0.0,0,0.07142857142857142,0.0,0,0,1
0.57737,0.022206538461538465,0.022206538461538465,0.0,0,0.0,0.0,0,0,0
0.22842,0.012022105263157895,0.01857842105263158,-0.006556315789473684,0,0.05263157894736842,0.0,0,0,1
-0.35579,-0.022236875,0.0,-0.022236875,0,0.0,0.0625,0,0,0
0.90843,0.12977571428571427,0.12977571428571427,0.0,0,0.14285714285714285,0.0,1,0,1
0.43674999999999997,0.016175925925925923,0.026147407407407404,-0.009971481481481482,0,0.0,0.07407407407407407,0,1,0
0.74339,0.08259888888888889,0.08259888888888889,0.0,0,0.1111111111111111,0.0,0,0,1
2.19413,0.043022156862745096,0.043022156862745096,0.0,0,0.0392156862745098,0.0,1,1,1
1.0234699999999999,0.05386684210526315,0.05386684210526315,0.0,0,0.10526315789473684,0.05263157894736842,0,0,1
-0.11881,-0.007920666666666666,0.003894,-0.011814666666666666,0,0.0,0.0,0,0,0
0.47866,0.03988833333333333,0.03988833333333333,0.0,0,0.16666666666666666,0.0,0,1,0
0.91799,0.061199333333333335,0.061199333333333335,0.0,0,0.06666666666666667,0.0,0,0,1
0.89161,0.02547457142857143,0.02547457142857143,0.0,0,0.02857142857142857,0.02857142857142857,0,0,1
-0.80063,-0.07278454545454545,0.0,-0.07278454545454545,0,0.0,0.18181818181818182,0,0,0
0.7724099999999999,0.05941615384615384,0.05941615384615384,0.0,0,0.07692307692307693,0.0,0,1,1
0.7453400000000001,0.02484466666666667,0.02484466666666667,0.0,2,0.03333333333333333,0.0,0,0,0
0.71692,0.10241714285714286,0.10241714285714286,0.0,0,0.14285714285714285,0.0,0,0,1
1.15314,0.03976344827586207,0.04269034482758621,-0.0029268965517241377,0,0.06896551724137931,0.0,0,0,1
-0.32755,-0.0163775,0.001149,-0.0175265,0,0.0,0.05,0,1,0
-0.06351999999999991,-0.002761739130434779,0.023177391304347827,-0.02593913043478261,0,0.0,0.08695652173913043,0,0,0
-0.95104,-0.022643809523809524,0.007567619047619048,-0.030211428571428573,0,0.09523809523809523,0.047619047619047616,0,0,0
0.27377,0.01190304347826087,0.04275521739130435,-0.030852173913043478,0,0.043478260869565216,0.08695652173913043,0,0,1
0.44363,0.044363,0.044363,0.0,0,0.1,0.0,0,0,1
1.0772599999999999,0.1795433333333333,0.1795433333333333,0.0,0,0.16666666666666666,0.0,0,0,1
1.09418,0.04559083333333333,0.051155833333333324,-0.0055650000000000005,0,0.041666666666666664,0.041666666666666664,0,0,0
-0.38355,-0.0191775,0.013878999999999999,-0.0330565,0,0.0,0.05,0,1,0
0.05506999999999995,0.002503181818181816,0.03034681818181818,-0.027843636363636362,0,0.045454545454545456,0.09090909090909091,0,2,0
1.7190299999999998,0.05545258064516129,0.06780741935483871,-0.01235483870967742,0,0.0,0.06451612903225806,0,0,0
0.33238,0.011079333333333333,0.03154066666666667,-0.02046133333333333,0,0.0,0.06666666666666667,0,0,0
0.42259,0.03250692307692308,0.03250692307692308,0.0,0,0.07692307692307693,0.0,0,0,1
0.67284,0.039578823529411764,0.039578823529411764,0.0,0,0.0,0.0,0,1,0
-0.5517599999999998,-0.006896999999999998,0.01713775,-0.02403475,0,0.0125,0.0375,0,2,0
0.57976,0.02415666666666667,0.02415666666666667,0.0,0,0.041666666666666664,0.0,0,1,1
0.39129,0.017785909090909092,0.03029090909090909,-0.012504999999999999,0,0.0,0.0,0,0,0
0.24091,0.034415714285714286,0.034415714285714286,0.0,0,0.14285714285714285,0.0,0,0,1
0.0,0.0,0.0,0.0,0,0.0,0.05263157894736842,0,0,1
0,0.0,0.0,0.0,0,0.2,0.0,0,0,0
0.52513,0.02763842105263158,0.02763842105263158,0.0,0,0.05263157894736842,0.0,0,0,1
0.69204,0.069204,0.069204,0.0,0,0.0,0.0,0,0,1
1.15585,0.055040476190476195,0.06120238095238095,-0.006161904761904762,0,0.047619047619047616,0.0,0,1,1
-0.16722000000000004,-0.008801052631578949,0.011922631578947367,-0.020723684210526314,0,0.05263157894736842,0.0,0,1,0
0,0.0,0.0,0.0,0,0.0,0.06666666666666667,0,0,1
1.12372,0.02161,0.027047307692307693,-0.005437307692307692,0,0.019230769230769232,0.019230769230769232,0,0,0
0.44422,0.02776375,0.02776375,0.0,0,0.125,0.0,0,0,1
0.5051,0.024052380952380954,0.024052380952380954,0.0,0,0.0,0.0,0,1,0
1.55087,0.0775435,0.0775435,0.0,0,0.1,0.0,0,0,1
0.2739499999999999,0.011910869565217388,0.03531913043478261,-0.02340826086956522,0,0.043478260869565216,0.0,0,0,0
0.3297,0.01268076923076923,0.01268076923076923,0.0,0,0.038461538461538464,0.0,0,1,0
1.31565,0.07739117647058824,0.07739117647058824,0.0,0,0.058823529411764705,0.0,0,0,1
0.84019,0.028972068965517243,0.028972068965517243,0.0,0,0.06896551724137931,0.0,0,1,1
0.49205,0.013668055555555555,0.022766111111111112,-0.009098055555555555,0,0.027777777777777776,0.05555555555555555,0,0,0
-0.13974999999999999,-0.0055899999999999995,0.0175732,-0.0231632,0,0.0,0.0,0,0,1
1.3972099999999998,0.08732562499999999,0.08732562499999999,0.0,0,0.0,0.0,1,0,1
